edge_id,source_id,relation,target_id,promotion_decision_id,evidence_id,status
EDGE-0001,manifestation:MANIFEST-001,REPRESENTS,work:alice-a-bailey-discipleship-new-age-vol-1,PROMO-0001,HASH-0001,ACCEPT
EDGE-0002,manifestation:MANIFEST-002,REPRESENTS,work:alice-a-bailey-discipleship-new-age-vol-1,PROMO-0001,HASH-0001,ACCEPT
EDGE-0003,manifestation:MANIFEST-002,DUPLICATE_OF,manifestation:MANIFEST-001,PROMO-0001,HASH-0001,ACCEPT
EDGE-0004,manifestation:MANIFEST-003,REPRESENTS,work:alice-a-bailey-discipleship-new-age-vol-2,PROMO-0002,HASH-0002,ACCEPT
EDGE-0005,manifestation:MANIFEST-004,REPRESENTS,work:alice-a-bailey-discipleship-new-age-vol-2,PROMO-0002,HASH-0002,ACCEPT
EDGE-0006,manifestation:MANIFEST-004,DUPLICATE_OF,manifestation:MANIFEST-003,PROMO-0002,HASH-0002,ACCEPT
EDGE-0007,manifestation:MANIFEST-008,REPRESENTS,work:franz-bardon-golden-book-of-wisdom,PROMO-0003,HASH-0003,ACCEPT
EDGE-0008,manifestation:MANIFEST-009,REPRESENTS,work:franz-bardon-golden-book-of-wisdom,PROMO-0003,HASH-0003,ACCEPT
EDGE-0009,manifestation:MANIFEST-009,DUPLICATE_OF,manifestation:MANIFEST-008,PROMO-0003,HASH-0003,ACCEPT
