decision_id,family_id,subject,decision,work_id,edition_id,evidence_ids,relationship,confidence,notes
PROMO-0001,BAILEY-DISCIPLESHIP-001,Discipleship in the New Age Vol 1,ACCEPT,work:alice-a-bailey-discipleship-new-age-vol-1,,HASH-0001,DUPLICATE_COPY_PAIR,HIGH,Matching SHA-256 plus Stage-B title/volume adjudication; byte identity applies to the pair only
PROMO-0002,BAILEY-DISCIPLESHIP-001,Discipleship in the New Age Vol 2,ACCEPT,work:alice-a-bailey-discipleship-new-age-vol-2,,HASH-0002,DUPLICATE_COPY_PAIR,HIGH,Matching SHA-256 plus Stage-B title/volume adjudication; byte identity applies to the pair only
PROMO-0003,BARDON-GOLDEN-001,Franz Bardon Golden Book of Wisdom,ACCEPT,work:franz-bardon-golden-book-of-wisdom,,HASH-0003,DUPLICATE_COPY_PAIR,HIGH,Matching SHA-256 plus Stage-B logical-work adjudication; byte identity applies to the pair only
PROMO-0004,ABRAMELIN-001,The Sacred Magic of Abramelin the Mage,HOLD,,,Stage-B batch 0001,SAME_LOGICAL_WORK_FAMILY,HIGH,Metadata establishes family relation but not sufficient manifestation-level identity for promotion
PROMO-0005,FORBIDDEN-HISTORY-001,Forbidden History of Europe,HOLD,,,Stage-B batch 0001,EDITION_OR_COPY_VARIANT_SET,HIGH,Preserve twelve-volume and edition/copy distinctions pending stronger evidence
PROMO-0006,MUSHROOMS-RUSSIA-HISTORY-001,Mushrooms Russia and History,HOLD,,,Stage-B batch 0002,SAME_LOGICAL_WORK_FAMILY,HIGH,Two-volume family accepted but manifestation-level copy identity remains unverified
PROMO-0007,MODERN-SHAMANISM-001,Techniques of Modern Shamanism,HOLD,,,Stage-B batch 0002,SAME_LOGICAL_WORK_FAMILY,HIGH,Three-volume family accepted but manifestation-level copy identity remains unverified
PROMO-0008,LOVECRAFT-NECRONOMICON-001,Necronomicon and complete works H. P. Lovecraft,HOLD,,,Stage-B batch 0002,PARALLEL_COLLECTION_MANIFESTATION_SET,HIGH,Parallel collection relation retained without canonical collapse
PROMO-0009,AGRIPPA-001,Agrippa Occult Philosophy,HOLD,,,Stage-B batch 0002,OVERLAPPING_WORK_FAMILY,HIGH,Numbered works and aggregate manifestation require content-level resolution
PROMO-0010,ECHOES-GNOSIS-001,Echoes From the Gnosis,HOLD,,,Stage-B batch 0003,PARALLEL_COLLECTION_MANIFESTATION_SET,HIGH,Exact title-volume alignment is not byte identity
PROMO-0011,BARDON-IIH-001,Franz Bardon Initiation Into Hermetics,HOLD,,,Stage-B batch 0003,EDITION_OR_COPY_VARIANT_SET,HIGH,Explicit edition labels and differing sizes require edition-level evidence
PROMO-0012,BARDON-EVOCATION-001,Franz Bardon Practice of Magical Evocation,HOLD,,,Stage-B batch 0003,EDITION_OR_COPY_VARIANT_SET,HIGH,Differing sizes preserve variant distinction
PROMO-0013,BARDON-QABBALAH-001,Franz Bardon Key to the True Qabbalah,HOLD,,,Stage-B batch 0003,EDITION_OR_COPY_VARIANT_SET,HIGH,Differing sizes preserve variant distinction
PROMO-0014,RAMAYANA-001,Ramayana,HOLD,,,Stage-B batch 0004,CROSS_COLLECTION_RELATION_UNRESOLVED,MEDIUM,Hinduism counterpart remains unresolved provenance debt
PROMO-0015,VIVEKANANDA-001,Swami Vivekananda works,HOLD,,,Stage-B batch 0004,RELATED_AUTHOR_COLLECTIONS_NOT_DUPLICATES,HIGH,Relationship classification rejects false duplicate collapse but does not justify canonical merge
