priority,candidate_family_id,name,object_count,current_evidence,next_action,promotion_gate,state
1,DUP-381F1F73FCE8,Madame-Guyon-Autobiography.pdf,3,EXACT_NAME_SIZE_ONLY,HASH_ALL_MEMBERS,SHA256_ALL_MATCH,READY_FOR_HASH
1,DUP-05622D665D68,St-Paul-the-Traveler-Roman-Citizen.pdf,3,EXACT_NAME_SIZE_ONLY,HASH_ALL_MEMBERS,SHA256_ALL_MATCH,READY_FOR_HASH
1,DUP-34B468CC9C01,The Fundamentals of Meditation Practice.pdf,3,EXACT_NAME_SIZE_ONLY,HASH_ALL_MEMBERS,SHA256_ALL_MATCH,READY_FOR_HASH
1,DUP-2D796B63ED1C,The-Life-of-Buddha-Ebook.pdf,3,EXACT_NAME_SIZE_ONLY,HASH_ALL_MEMBERS,SHA256_ALL_MATCH,READY_FOR_HASH
1,DUP-9AB2F9465DE7,Thomas-Aquinas-Nature-and-Grace.pdf,3,EXACT_NAME_SIZE_ONLY,HASH_ALL_MEMBERS,SHA256_ALL_MATCH,READY_FOR_HASH
1,DUP-7F64DA783E5B,Timothy-Leary-Psychedelic-Prayers.pdf,3,EXACT_NAME_SIZE_ONLY,HASH_ALL_MEMBERS,SHA256_ALL_MATCH,READY_FOR_HASH
2,DUP-5FB81D685F0D,Egyptian Ideas of the Future Life.pdf,2,EXACT_NAME_SIZE_ONLY,HASH_PAIR,SHA256_MATCH,READY_FOR_HASH
2,DUP-6B2934922052,Food-Of-The-Gods-Terence-Mckenna.pdf,2,EXACT_NAME_SIZE_ONLY,HASH_PAIR,SHA256_MATCH,READY_FOR_HASH
2,DUP-711677C91B10,MUSHROOMS-RUSSIA-AND-HISTORY-Volume-1.pdf,2,EXACT_NAME_SIZE_PLUS_STAGE_B,HASH_PAIR,SHA256_MATCH,READY_FOR_HASH
2,DUP-1324BF1E164E,MUSHROOMS-RUSSIA-AND-HISTORY-Volume-2.pdf,2,EXACT_NAME_SIZE_PLUS_STAGE_B,HASH_PAIR,SHA256_MATCH,READY_FOR_HASH
2,DUP-64C3CB7490A9,Magic-Mushrooms-around-the-world.pdf,2,EXACT_NAME_SIZE_ONLY,HASH_PAIR,SHA256_MATCH,READY_FOR_HASH
2,DUP-A7FA2AA85304,Lao-tse-The-Tao-Teh-King.pdf,2,EXACT_NAME_SIZE_ONLY,HASH_PAIR,SHA256_MATCH,READY_FOR_HASH
3,DUP-448573445133,Forbidden History of Europe Vol. I.pdf,2,EXACT_NAME_SIZE_PLUS_VARIANT_SET,HASH_PAIR_AND_EDITION_REVIEW,SHA256_MATCH_FOR_COPY_ONLY,READY_FOR_HASH
3,DUP-02C72EB00FD0,Forbidden History of Europe Vol. IX.pdf,2,EXACT_NAME_SIZE_PLUS_VARIANT_SET,HASH_PAIR_AND_EDITION_REVIEW,SHA256_MATCH_FOR_COPY_ONLY,READY_FOR_HASH
3,DUP-8AD7658E1B29,Forbidden History of Europe Vol. VII.pdf,2,EXACT_NAME_SIZE_PLUS_VARIANT_SET,HASH_PAIR_AND_EDITION_REVIEW,SHA256_MATCH_FOR_COPY_ONLY,READY_FOR_HASH
3,DUP-F31B55DBA489,Forbidden History of Europe Vol. VIII.pdf,2,EXACT_NAME_SIZE_PLUS_VARIANT_SET,HASH_PAIR_AND_EDITION_REVIEW,SHA256_MATCH_FOR_COPY_ONLY,READY_FOR_HASH
3,DUP-98FB0D0232BA,Forbidden History of Europe Vol. X.pdf,2,EXACT_NAME_SIZE_PLUS_VARIANT_SET,HASH_PAIR_AND_EDITION_REVIEW,SHA256_MATCH_FOR_COPY_ONLY,READY_FOR_HASH
3,DUP-1965E48AC74B,Forbidden History of Europe Vol. XI.pdf,2,EXACT_NAME_SIZE_PLUS_VARIANT_SET,HASH_PAIR_AND_EDITION_REVIEW,SHA256_MATCH_FOR_COPY_ONLY,READY_FOR_HASH
3,DUP-2992F58EEA95,Forbidden History of Europe Vol. XII.pdf,2,EXACT_NAME_SIZE_PLUS_VARIANT_SET,HASH_PAIR_AND_EDITION_REVIEW,SHA256_MATCH_FOR_COPY_ONLY,READY_FOR_HASH
