concept_id,label,definition,review_state,notes
CONCEPT-0001,Consciousness,Experiential awareness and related theories or reports,REVIEWED,"Broad bridge concept; not a truth claim"
CONCEPT-0002,Selfhood,Models and experiences concerning the self or sense of self,REVIEWED,"Includes ego/self-model discussions"
CONCEPT-0003,Non-duality,Traditions or analyses concerning non-dual awareness,REVIEWED,"Conceptual bridge only"
CONCEPT-0004,Psychedelics,Psychoactive psychedelic substances and associated research or experience reports,REVIEWED,"Does not imply efficacy or safety"
CONCEPT-0005,Buddhism,Buddhist traditions texts practices and related scholarship,REVIEWED,"Tradition-level concept"
CONCEPT-0006,Hinduism,Hindu traditions texts practices and related scholarship,REVIEWED,"Tradition-level concept"
CONCEPT-0007,Shamanism,Shamanic traditions practices and related scholarship,REVIEWED,"Tradition-level concept"
CONCEPT-0008,Alchemy,Historical and esoteric alchemical traditions and texts,REVIEWED,"Tradition/textual concept"
CONCEPT-0009,Mysticism,Mystical traditions states and comparative scholarship,REVIEWED,"Broad bridge concept"
CONCEPT-0010,Contemplative practice,Meditation contemplation and related practices,REVIEWED,"Practice-level concept"
CONCEPT-0011,Hermeticism,Hermetic traditions texts philosophy and practices including works explicitly described as Hermetic,REVIEWED,"Narrow tradition-level concept; explicit metadata preferred"
CONCEPT-0012,Qabbalah,Qabbalistic or Cabalistic traditions texts and practices explicitly identified in metadata,REVIEWED,"Spelling variants include Qabbalah Kabbalah Cabala and Quabbalah"
CONCEPT-0013,Ceremonial Magic,Ceremonial or ritual magic traditions texts and practices explicitly identified in metadata,REVIEWED,"Do not infer from generic spirituality or mysticism"
CONCEPT-0014,Esotericism,Western or comparative esoteric traditions texts and scholarship explicitly identified as esoteric or occult,REVIEWED,"Broad but narrower than Mysticism; explicit metadata required"
CONCEPT-0015,Theosophy,Theosophical traditions organizations authors and texts explicitly identified as Theosophy or Theosophical,REVIEWED,"Tradition-level concept; no truth implication"
