manifestation_id,family_id,logical_work,collection_path,drive_object_id,filename,size_bytes,manifestation_class,identity_status,evidence_basis,rights_state
MANIFEST-001,BAILEY-DISCIPLESHIP-001,Alice A. Bailey Discipleship in the New Age Vol 1,PDF/Alice A. Bailey,1uMh6FtA_1cSXxmZSsqESu3ne64pW5ALV,Discipleship_in_the_New_Age_Vol-1.pdf,6321419,duplicate_copy_candidate,HASH_NOT_COMPUTED,"live Drive ID + normalized title + equal size",UNKNOWN_UNVERIFIED
MANIFEST-002,BAILEY-DISCIPLESHIP-001,Alice A. Bailey Discipleship in the New Age Vol 1,PDF/Alice A. Bailey,1l8VWcjxnL9k766iP1_4BZXVf9bu8t1Sw,Discipleship-in-the-new-Age-Vol-1.pdf,6321419,duplicate_copy_candidate,HASH_NOT_COMPUTED,"live Drive ID + normalized title + equal size",UNKNOWN_UNVERIFIED
MANIFEST-003,BAILEY-DISCIPLESHIP-001,Alice A. Bailey Discipleship in the New Age Vol 2,PDF/Alice A. Bailey,1IseyFjM14-1pscJ-Uj-in5eIwHxPUwBh,Discipleship_in_the_New_Age_Vol-2.pdf,5905957,duplicate_copy_candidate,HASH_NOT_COMPUTED,"live Drive ID + normalized title + equal size",UNKNOWN_UNVERIFIED
MANIFEST-004,BAILEY-DISCIPLESHIP-001,Alice A. Bailey Discipleship in the New Age Vol 2,PDF/Alice A. Bailey,1YDYjx_fxhkcBa56sJgwJ2WZbkiiNk5LP,Discipleship-in-the-new-Age-Vol-2.pdf,5905957,duplicate_copy_candidate,HASH_NOT_COMPUTED,"live Drive ID + normalized title + equal size",UNKNOWN_UNVERIFIED
MANIFEST-005,BARDON-IIH-001,Franz Bardon Initiation Into Hermetics,PDF/F Bardon,14wH-nMqEOX5HJSg-F3cFNTb3mK-qN01Z,Franz Bardon - Initiation Into Hermetics - 2001.pdf,1852415,edition_or_copy_variant,HASH_NOT_COMPUTED,"live Drive ID + explicit edition label + differing size",UNKNOWN_UNVERIFIED
MANIFEST-006,BARDON-IIH-001,Franz Bardon Initiation Into Hermetics,PDF/F Bardon,1R6iZQoOyYDpCiZ5Xk-G2ont8-yGhEhB_,Franz Bardon - Initiation Into Hermetics - 1987.pdf,1264481,edition_or_copy_variant,HASH_NOT_COMPUTED,"live Drive ID + explicit edition label + differing size",UNKNOWN_UNVERIFIED
MANIFEST-007,BARDON-IIH-001,Franz Bardon Initiation Into Hermetics,PDF/F Bardon,1T9V_F5xCt98roZifaD_xbnudfC6Bo9-z,Franz Bardon - Initiation Into Hermetics - 1987 (170 pages).pdf,513786,edition_or_copy_variant,HASH_NOT_COMPUTED,"live Drive ID + explicit edition/page label + differing size",UNKNOWN_UNVERIFIED
MANIFEST-008,BARDON-GOLDEN-001,Franz Bardon Golden Book of Wisdom,PDF/F Bardon,1DdNJmCvVY_J0iRk0qs0KRJA93cM1EIJT,Franz Bardon - The Golden Book of Wisdom.pdf,45965,duplicate_copy_candidate,HASH_NOT_COMPUTED,"live Drive ID + normalized title + equal size",UNKNOWN_UNVERIFIED
MANIFEST-009,BARDON-GOLDEN-001,Franz Bardon Golden Book of Wisdom,PDF/F Bardon,1AhbUCdxUCN_5VjusWgVxheU8mPEyx3ya,04 Golden Book of Wisdom - F Bardon.pdf,45965,duplicate_copy_candidate,HASH_NOT_COMPUTED,"live Drive ID + normalized title + equal size",UNKNOWN_UNVERIFIED
MANIFEST-010,BARDON-EVOCATION-001,Franz Bardon Practice of Magical Evocation,PDF/F Bardon,1MmwEd5sFVxNV8o6_D14krAjNEPpdkipn,Franz Bardon - Practice of Magical Evocation.pdf,5058666,edition_or_copy_variant,HASH_NOT_COMPUTED,"live Drive ID + normalized title + differing size",UNKNOWN_UNVERIFIED
MANIFEST-011,BARDON-EVOCATION-001,Franz Bardon Practice of Magical Evocation,PDF/F Bardon,15LluvLt7D3qvTWAZVDQmLgBPU7wQ2PsF,03 Practice of Magical Evocation - Franz Bardon.pdf,4999370,edition_or_copy_variant,HASH_NOT_COMPUTED,"live Drive ID + normalized title + differing size",UNKNOWN_UNVERIFIED
MANIFEST-012,BARDON-QABBALAH-001,Franz Bardon Key to the True Qabbalah,PDF/F Bardon,1c5te28sitUEGfHnClx8WusCnRkqSXBxg,Franz Bardon - Key to the True Quabbalah.pdf,657049,edition_or_copy_variant,HASH_NOT_COMPUTED,"live Drive ID + spelling-normalized title + differing size",UNKNOWN_UNVERIFIED
MANIFEST-013,BARDON-QABBALAH-001,Franz Bardon Key to the True Qabbalah,PDF/F Bardon,1SKwmG9OuY7z3rZNWwu9oy2jhwN_K-FAB,02 The Key To The True Qabbalah - Franz Bardon.pdf,692462,edition_or_copy_variant,HASH_NOT_COMPUTED,"live Drive ID + spelling-normalized title + differing size",UNKNOWN_UNVERIFIED
