decision_id,candidate_family_id,object_count,disposition,review_state,decision_basis,confidence,work_id,edition_id,evidence_ref,notes
hold:dup-02c72eb00fd0,DUP-02C72EB00FD0,2,REVIEW_REQUIRED,HOLD,TITLE;SIZE,0.35,,,drive-canonical-family-review-v0.6.0.csv:DUP-02C72EB00FD0,Exact filename and size are candidate signals only; no identity relationship promoted.
hold:dup-02f27997b07f,DUP-02F27997B07F,2,REVIEW_REQUIRED,HOLD,TITLE;SIZE,0.35,,,drive-canonical-family-review-v0.6.0.csv:DUP-02F27997B07F,Exact filename and size are candidate signals only; no identity relationship promoted.
hold:dup-05622d665d68,DUP-05622D665D68,3,REVIEW_REQUIRED,HOLD,TITLE;SIZE,0.35,,,drive-canonical-family-review-v0.6.0.csv:DUP-05622D665D68,Exact filename and size are candidate signals only; no identity relationship promoted.
hold:dup-064adf1778e2,DUP-064ADF1778E2,2,REVIEW_REQUIRED,HOLD,TITLE;SIZE,0.35,,,drive-canonical-family-review-v0.6.0.csv:DUP-064ADF1778E2,Exact filename and size are candidate signals only; no identity relationship promoted.
hold:dup-0cea685cc78b,DUP-0CEA685CC78B,2,REVIEW_REQUIRED,HOLD,TITLE;SIZE,0.35,,,drive-canonical-family-review-v0.6.0.csv:DUP-0CEA685CC78B,Exact filename and size are candidate signals only; no identity relationship promoted.
hold:dup-0ea612d594e0,DUP-0EA612D594E0,2,REVIEW_REQUIRED,HOLD,TITLE;SIZE,0.35,,,drive-canonical-family-review-v0.6.0.csv:DUP-0EA612D594E0,Exact filename and size are candidate signals only; no identity relationship promoted.
hold:dup-11a58ca359b0,DUP-11A58CA359B0,2,REVIEW_REQUIRED,HOLD,TITLE;SIZE,0.35,,,drive-canonical-family-review-v0.6.0.csv:DUP-11A58CA359B0,Exact filename and size are candidate signals only; no identity relationship promoted.
hold:dup-1324bf1e164e,DUP-1324BF1E164E,2,REVIEW_REQUIRED,HOLD,TITLE;SIZE,0.35,,,drive-canonical-family-review-v0.6.0.csv:DUP-1324BF1E164E,Exact filename and size are candidate signals only; no identity relationship promoted.
hold:dup-1965e48ac74b,DUP-1965E48AC74B,2,REVIEW_REQUIRED,HOLD,TITLE;SIZE,0.35,,,drive-canonical-family-review-v0.6.0.csv:DUP-1965E48AC74B,Exact filename and size are candidate signals only; no identity relationship promoted.
hold:dup-19e3ef6021b8,DUP-19E3EF6021B8,2,REVIEW_REQUIRED,HOLD,TITLE;SIZE,0.35,,,drive-canonical-family-review-v0.6.0.csv:DUP-19E3EF6021B8,Exact filename and size are candidate signals only; no identity relationship promoted.
hold:dup-1ca0ea1618ff,DUP-1CA0EA1618FF,2,REVIEW_REQUIRED,HOLD,TITLE;SIZE,0.35,,,drive-canonical-family-review-v0.6.0.csv:DUP-1CA0EA1618FF,Exact filename and size are candidate signals only; no identity relationship promoted.
hold:dup-2992f58eea95,DUP-2992F58EEA95,2,REVIEW_REQUIRED,HOLD,TITLE;SIZE,0.35,,,drive-canonical-family-review-v0.6.0.csv:DUP-2992F58EEA95,Exact filename and size are candidate signals only; no identity relationship promoted.
hold:dup-2a6dedcb99fa,DUP-2A6DEDCB99FA,2,REVIEW_REQUIRED,HOLD,TITLE;SIZE,0.35,,,drive-canonical-family-review-v0.6.0.csv:DUP-2A6DEDCB99FA,Exact filename and size are candidate signals only; no identity relationship promoted.
hold:dup-2a9eea9cd388,DUP-2A9EEA9CD388,2,REVIEW_REQUIRED,HOLD,TITLE;SIZE,0.35,,,drive-canonical-family-review-v0.6.0.csv:DUP-2A9EEA9CD388,Exact filename and size are candidate signals only; no identity relationship promoted.
hold:dup-2d796b63ed1c,DUP-2D796B63ED1C,3,REVIEW_REQUIRED,HOLD,TITLE;SIZE,0.35,,,drive-canonical-family-review-v0.6.0.csv:DUP-2D796B63ED1C,Exact filename and size are candidate signals only; no identity relationship promoted.
hold:dup-2fe859fafff2,DUP-2FE859FAFFF2,2,REVIEW_REQUIRED,HOLD,TITLE;SIZE,0.35,,,drive-canonical-family-review-v0.6.0.csv:DUP-2FE859FAFFF2,Exact filename and size are candidate signals only; no identity relationship promoted.
hold:dup-3363467f56cb,DUP-3363467F56CB,2,REVIEW_REQUIRED,HOLD,TITLE;SIZE,0.35,,,drive-canonical-family-review-v0.6.0.csv:DUP-3363467F56CB,Exact filename and size are candidate signals only; no identity relationship promoted.
hold:dup-34b468cc9c01,DUP-34B468CC9C01,3,REVIEW_REQUIRED,HOLD,TITLE;SIZE,0.35,,,drive-canonical-family-review-v0.6.0.csv:DUP-34B468CC9C01,Exact filename and size are candidate signals only; no identity relationship promoted.
hold:dup-35b92b5af2fb,DUP-35B92B5AF2FB,2,REVIEW_REQUIRED,HOLD,TITLE;SIZE,0.35,,,drive-canonical-family-review-v0.6.0.csv:DUP-35B92B5AF2FB,Exact filename and size are candidate signals only; no identity relationship promoted.
hold:dup-37766a1a8eff,DUP-37766A1A8EFF,2,REVIEW_REQUIRED,HOLD,TITLE;SIZE,0.35,,,drive-canonical-family-review-v0.6.0.csv:DUP-37766A1A8EFF,Exact filename and size are candidate signals only; no identity relationship promoted.
hold:dup-378d7773b8a7,DUP-378D7773B8A7,2,REVIEW_REQUIRED,HOLD,TITLE;SIZE,0.35,,,drive-canonical-family-review-v0.6.0.csv:DUP-378D7773B8A7,Exact filename and size are candidate signals only; no identity relationship promoted.
hold:dup-381f1f73fce8,DUP-381F1F73FCE8,3,REVIEW_REQUIRED,HOLD,TITLE;SIZE,0.35,,,drive-canonical-family-review-v0.6.0.csv:DUP-381F1F73FCE8,Exact filename and size are candidate signals only; no identity relationship promoted.
hold:dup-3907e4f0ffec,DUP-3907E4F0FFEC,2,REVIEW_REQUIRED,HOLD,TITLE;SIZE,0.35,,,drive-canonical-family-review-v0.6.0.csv:DUP-3907E4F0FFEC,Exact filename and size are candidate signals only; no identity relationship promoted.
hold:dup-3a11084b0a35,DUP-3A11084B0A35,2,REVIEW_REQUIRED,HOLD,TITLE;SIZE,0.35,,,drive-canonical-family-review-v0.6.0.csv:DUP-3A11084B0A35,Exact filename and size are candidate signals only; no identity relationship promoted.
hold:dup-3b099fc78d6b,DUP-3B099FC78D6B,2,REVIEW_REQUIRED,HOLD,TITLE;SIZE,0.35,,,drive-canonical-family-review-v0.6.0.csv:DUP-3B099FC78D6B,Exact filename and size are candidate signals only; no identity relationship promoted.
hold:dup-3d1aa3243ee4,DUP-3D1AA3243EE4,2,REVIEW_REQUIRED,HOLD,TITLE;SIZE,0.35,,,drive-canonical-family-review-v0.6.0.csv:DUP-3D1AA3243EE4,Exact filename and size are candidate signals only; no identity relationship promoted.
hold:dup-41465d270fc1,DUP-41465D270FC1,2,REVIEW_REQUIRED,HOLD,TITLE;SIZE,0.35,,,drive-canonical-family-review-v0.6.0.csv:DUP-41465D270FC1,Exact filename and size are candidate signals only; no identity relationship promoted.
hold:dup-4290e4300a1c,DUP-4290E4300A1C,2,REVIEW_REQUIRED,HOLD,TITLE;SIZE,0.35,,,drive-canonical-family-review-v0.6.0.csv:DUP-4290E4300A1C,Exact filename and size are candidate signals only; no identity relationship promoted.
hold:dup-448573445133,DUP-448573445133,2,REVIEW_REQUIRED,HOLD,TITLE;SIZE,0.35,,,drive-canonical-family-review-v0.6.0.csv:DUP-448573445133,Exact filename and size are candidate signals only; no identity relationship promoted.
hold:dup-4779c0467953,DUP-4779C0467953,2,REVIEW_REQUIRED,HOLD,TITLE;SIZE,0.35,,,drive-canonical-family-review-v0.6.0.csv:DUP-4779C0467953,Exact filename and size are candidate signals only; no identity relationship promoted.
hold:dup-48dcf71e4de9,DUP-48DCF71E4DE9,2,REVIEW_REQUIRED,HOLD,TITLE;SIZE,0.35,,,drive-canonical-family-review-v0.6.0.csv:DUP-48DCF71E4DE9,Exact filename and size are candidate signals only; no identity relationship promoted.
hold:dup-4fac7d3c607e,DUP-4FAC7D3C607E,2,REVIEW_REQUIRED,HOLD,TITLE;SIZE,0.35,,,drive-canonical-family-review-v0.6.0.csv:DUP-4FAC7D3C607E,Exact filename and size are candidate signals only; no identity relationship promoted.
hold:dup-5104b690fff6,DUP-5104B690FFF6,2,REVIEW_REQUIRED,HOLD,TITLE;SIZE,0.35,,,drive-canonical-family-review-v0.6.0.csv:DUP-5104B690FFF6,Exact filename and size are candidate signals only; no identity relationship promoted.
hold:dup-511aa54aed5c,DUP-511AA54AED5C,2,REVIEW_REQUIRED,HOLD,TITLE;SIZE,0.35,,,drive-canonical-family-review-v0.6.0.csv:DUP-511AA54AED5C,Exact filename and size are candidate signals only; no identity relationship promoted.
hold:dup-513915c81973,DUP-513915C81973,2,REVIEW_REQUIRED,HOLD,TITLE;SIZE,0.35,,,drive-canonical-family-review-v0.6.0.csv:DUP-513915C81973,Exact filename and size are candidate signals only; no identity relationship promoted.
hold:dup-517d90c073ae,DUP-517D90C073AE,2,REVIEW_REQUIRED,HOLD,TITLE;SIZE,0.35,,,drive-canonical-family-review-v0.6.0.csv:DUP-517D90C073AE,Exact filename and size are candidate signals only; no identity relationship promoted.
hold:dup-53b17c56e11c,DUP-53B17C56E11C,2,REVIEW_REQUIRED,HOLD,TITLE;SIZE,0.35,,,drive-canonical-family-review-v0.6.0.csv:DUP-53B17C56E11C,Exact filename and size are candidate signals only; no identity relationship promoted.
hold:dup-53bbfc7a1ebe,DUP-53BBFC7A1EBE,2,REVIEW_REQUIRED,HOLD,TITLE;SIZE,0.35,,,drive-canonical-family-review-v0.6.0.csv:DUP-53BBFC7A1EBE,Exact filename and size are candidate signals only; no identity relationship promoted.
hold:dup-558b1fd80da9,DUP-558B1FD80DA9,2,REVIEW_REQUIRED,HOLD,TITLE;SIZE,0.35,,,drive-canonical-family-review-v0.6.0.csv:DUP-558B1FD80DA9,Exact filename and size are candidate signals only; no identity relationship promoted.
hold:dup-56b824d25b76,DUP-56B824D25B76,2,REVIEW_REQUIRED,HOLD,TITLE;SIZE,0.35,,,drive-canonical-family-review-v0.6.0.csv:DUP-56B824D25B76,Exact filename and size are candidate signals only; no identity relationship promoted.
hold:dup-579341ca3b16,DUP-579341CA3B16,2,REVIEW_REQUIRED,HOLD,TITLE;SIZE,0.35,,,drive-canonical-family-review-v0.6.0.csv:DUP-579341CA3B16,Exact filename and size are candidate signals only; no identity relationship promoted.
hold:dup-5df5255f51a7,DUP-5DF5255F51A7,2,REVIEW_REQUIRED,HOLD,TITLE;SIZE,0.35,,,drive-canonical-family-review-v0.6.0.csv:DUP-5DF5255F51A7,Exact filename and size are candidate signals only; no identity relationship promoted.
hold:dup-5f2da1fe6f46,DUP-5F2DA1FE6F46,2,REVIEW_REQUIRED,HOLD,TITLE;SIZE,0.35,,,drive-canonical-family-review-v0.6.0.csv:DUP-5F2DA1FE6F46,Exact filename and size are candidate signals only; no identity relationship promoted.
hold:dup-5fb81d685f0d,DUP-5FB81D685F0D,2,REVIEW_REQUIRED,HOLD,TITLE;SIZE,0.35,,,drive-canonical-family-review-v0.6.0.csv:DUP-5FB81D685F0D,Exact filename and size are candidate signals only; no identity relationship promoted.
hold:dup-6102bb747a46,DUP-6102BB747A46,2,REVIEW_REQUIRED,HOLD,TITLE;SIZE,0.35,,,drive-canonical-family-review-v0.6.0.csv:DUP-6102BB747A46,Exact filename and size are candidate signals only; no identity relationship promoted.
hold:dup-64c3cb7490a9,DUP-64C3CB7490A9,2,REVIEW_REQUIRED,HOLD,TITLE;SIZE,0.35,,,drive-canonical-family-review-v0.6.0.csv:DUP-64C3CB7490A9,Exact filename and size are candidate signals only; no identity relationship promoted.
hold:dup-64c4b08ae08d,DUP-64C4B08AE08D,2,REVIEW_REQUIRED,HOLD,TITLE;SIZE,0.35,,,drive-canonical-family-review-v0.6.0.csv:DUP-64C4B08AE08D,Exact filename and size are candidate signals only; no identity relationship promoted.
hold:dup-64f9f9af0ac1,DUP-64F9F9AF0AC1,2,REVIEW_REQUIRED,HOLD,TITLE;SIZE,0.35,,,drive-canonical-family-review-v0.6.0.csv:DUP-64F9F9AF0AC1,Exact filename and size are candidate signals only; no identity relationship promoted.
hold:dup-6b2934922052,DUP-6B2934922052,2,REVIEW_REQUIRED,HOLD,TITLE;SIZE,0.35,,,drive-canonical-family-review-v0.6.0.csv:DUP-6B2934922052,Exact filename and size are candidate signals only; no identity relationship promoted.
hold:dup-70fe0041d868,DUP-70FE0041D868,2,REVIEW_REQUIRED,HOLD,TITLE;SIZE,0.35,,,drive-canonical-family-review-v0.6.0.csv:DUP-70FE0041D868,Exact filename and size are candidate signals only; no identity relationship promoted.
hold:dup-711677c91b10,DUP-711677C91B10,2,REVIEW_REQUIRED,HOLD,TITLE;SIZE,0.35,,,drive-canonical-family-review-v0.6.0.csv:DUP-711677C91B10,Exact filename and size are candidate signals only; no identity relationship promoted.
hold:dup-715e703a6a8f,DUP-715E703A6A8F,2,REVIEW_REQUIRED,HOLD,TITLE;SIZE,0.35,,,drive-canonical-family-review-v0.6.0.csv:DUP-715E703A6A8F,Exact filename and size are candidate signals only; no identity relationship promoted.
hold:dup-7287d8ad145d,DUP-7287D8AD145D,2,REVIEW_REQUIRED,HOLD,TITLE;SIZE,0.35,,,drive-canonical-family-review-v0.6.0.csv:DUP-7287D8AD145D,Exact filename and size are candidate signals only; no identity relationship promoted.
hold:dup-739d81e4fa16,DUP-739D81E4FA16,2,REVIEW_REQUIRED,HOLD,TITLE;SIZE,0.35,,,drive-canonical-family-review-v0.6.0.csv:DUP-739D81E4FA16,Exact filename and size are candidate signals only; no identity relationship promoted.
hold:dup-7b38a1818eac,DUP-7B38A1818EAC,2,REVIEW_REQUIRED,HOLD,TITLE;SIZE,0.35,,,drive-canonical-family-review-v0.6.0.csv:DUP-7B38A1818EAC,Exact filename and size are candidate signals only; no identity relationship promoted.
hold:dup-7e1e1ba5257e,DUP-7E1E1BA5257E,2,REVIEW_REQUIRED,HOLD,TITLE;SIZE,0.35,,,drive-canonical-family-review-v0.6.0.csv:DUP-7E1E1BA5257E,Exact filename and size are candidate signals only; no identity relationship promoted.
hold:dup-7e507343a167,DUP-7E507343A167,2,REVIEW_REQUIRED,HOLD,TITLE;SIZE,0.35,,,drive-canonical-family-review-v0.6.0.csv:DUP-7E507343A167,Exact filename and size are candidate signals only; no identity relationship promoted.
hold:dup-7f64da783e5b,DUP-7F64DA783E5B,3,REVIEW_REQUIRED,HOLD,TITLE;SIZE,0.35,,,drive-canonical-family-review-v0.6.0.csv:DUP-7F64DA783E5B,Exact filename and size are candidate signals only; no identity relationship promoted.
hold:dup-8494706d5f6e,DUP-8494706D5F6E,2,REVIEW_REQUIRED,HOLD,TITLE;SIZE,0.35,,,drive-canonical-family-review-v0.6.0.csv:DUP-8494706D5F6E,Exact filename and size are candidate signals only; no identity relationship promoted.
hold:dup-877b163aaf69,DUP-877B163AAF69,2,REVIEW_REQUIRED,HOLD,TITLE;SIZE,0.35,,,drive-canonical-family-review-v0.6.0.csv:DUP-877B163AAF69,Exact filename and size are candidate signals only; no identity relationship promoted.
hold:dup-8791b37f7b44,DUP-8791B37F7B44,2,REVIEW_REQUIRED,HOLD,TITLE;SIZE,0.35,,,drive-canonical-family-review-v0.6.0.csv:DUP-8791B37F7B44,Exact filename and size are candidate signals only; no identity relationship promoted.
hold:dup-89f0076010b3,DUP-89F0076010B3,2,REVIEW_REQUIRED,HOLD,TITLE;SIZE,0.35,,,drive-canonical-family-review-v0.6.0.csv:DUP-89F0076010B3,Exact filename and size are candidate signals only; no identity relationship promoted.
hold:dup-8a80d46fb256,DUP-8A80D46FB256,2,REVIEW_REQUIRED,HOLD,TITLE;SIZE,0.35,,,drive-canonical-family-review-v0.6.0.csv:DUP-8A80D46FB256,Exact filename and size are candidate signals only; no identity relationship promoted.
hold:dup-8a8ae1d032cc,DUP-8A8AE1D032CC,2,REVIEW_REQUIRED,HOLD,TITLE;SIZE,0.35,,,drive-canonical-family-review-v0.6.0.csv:DUP-8A8AE1D032CC,Exact filename and size are candidate signals only; no identity relationship promoted.
hold:dup-8ad7658e1b29,DUP-8AD7658E1B29,2,REVIEW_REQUIRED,HOLD,TITLE;SIZE,0.35,,,drive-canonical-family-review-v0.6.0.csv:DUP-8AD7658E1B29,Exact filename and size are candidate signals only; no identity relationship promoted.
hold:dup-8ae9eff3ec83,DUP-8AE9EFF3EC83,2,REVIEW_REQUIRED,HOLD,TITLE;SIZE,0.35,,,drive-canonical-family-review-v0.6.0.csv:DUP-8AE9EFF3EC83,Exact filename and size are candidate signals only; no identity relationship promoted.
hold:dup-8cbc24e94ec0,DUP-8CBC24E94EC0,2,REVIEW_REQUIRED,HOLD,TITLE;SIZE,0.35,,,drive-canonical-family-review-v0.6.0.csv:DUP-8CBC24E94EC0,Exact filename and size are candidate signals only; no identity relationship promoted.
hold:dup-8ce08e94896c,DUP-8CE08E94896C,2,REVIEW_REQUIRED,HOLD,TITLE;SIZE,0.35,,,drive-canonical-family-review-v0.6.0.csv:DUP-8CE08E94896C,Exact filename and size are candidate signals only; no identity relationship promoted.
hold:dup-8e273e1f6994,DUP-8E273E1F6994,2,REVIEW_REQUIRED,HOLD,TITLE;SIZE,0.35,,,drive-canonical-family-review-v0.6.0.csv:DUP-8E273E1F6994,Exact filename and size are candidate signals only; no identity relationship promoted.
hold:dup-92311c59626e,DUP-92311C59626E,2,REVIEW_REQUIRED,HOLD,TITLE;SIZE,0.35,,,drive-canonical-family-review-v0.6.0.csv:DUP-92311C59626E,Exact filename and size are candidate signals only; no identity relationship promoted.
hold:dup-93ceb73872a2,DUP-93CEB73872A2,2,REVIEW_REQUIRED,HOLD,TITLE;SIZE,0.35,,,drive-canonical-family-review-v0.6.0.csv:DUP-93CEB73872A2,Exact filename and size are candidate signals only; no identity relationship promoted.
hold:dup-98fb0d0232ba,DUP-98FB0D0232BA,2,REVIEW_REQUIRED,HOLD,TITLE;SIZE,0.35,,,drive-canonical-family-review-v0.6.0.csv:DUP-98FB0D0232BA,Exact filename and size are candidate signals only; no identity relationship promoted.
hold:dup-9a80d24c065e,DUP-9A80D24C065E,2,REVIEW_REQUIRED,HOLD,TITLE;SIZE,0.35,,,drive-canonical-family-review-v0.6.0.csv:DUP-9A80D24C065E,Exact filename and size are candidate signals only; no identity relationship promoted.
hold:dup-9ab2f9465de7,DUP-9AB2F9465DE7,3,REVIEW_REQUIRED,HOLD,TITLE;SIZE,0.35,,,drive-canonical-family-review-v0.6.0.csv:DUP-9AB2F9465DE7,Exact filename and size are candidate signals only; no identity relationship promoted.
hold:dup-9abb04e0617f,DUP-9ABB04E0617F,2,REVIEW_REQUIRED,HOLD,TITLE;SIZE,0.35,,,drive-canonical-family-review-v0.6.0.csv:DUP-9ABB04E0617F,Exact filename and size are candidate signals only; no identity relationship promoted.
hold:dup-9cdb7dc43e9b,DUP-9CDB7DC43E9B,2,REVIEW_REQUIRED,HOLD,TITLE;SIZE,0.35,,,drive-canonical-family-review-v0.6.0.csv:DUP-9CDB7DC43E9B,Exact filename and size are candidate signals only; no identity relationship promoted.
hold:dup-9e82cddaeeb6,DUP-9E82CDDAEEB6,2,REVIEW_REQUIRED,HOLD,TITLE;SIZE,0.35,,,drive-canonical-family-review-v0.6.0.csv:DUP-9E82CDDAEEB6,Exact filename and size are candidate signals only; no identity relationship promoted.
hold:dup-a083af4129f3,DUP-A083AF4129F3,2,REVIEW_REQUIRED,HOLD,TITLE;SIZE,0.35,,,drive-canonical-family-review-v0.6.0.csv:DUP-A083AF4129F3,Exact filename and size are candidate signals only; no identity relationship promoted.
hold:dup-a287c2e662c0,DUP-A287C2E662C0,2,REVIEW_REQUIRED,HOLD,TITLE;SIZE,0.35,,,drive-canonical-family-review-v0.6.0.csv:DUP-A287C2E662C0,Exact filename and size are candidate signals only; no identity relationship promoted.
hold:dup-a305925b802c,DUP-A305925B802C,2,REVIEW_REQUIRED,HOLD,TITLE;SIZE,0.35,,,drive-canonical-family-review-v0.6.0.csv:DUP-A305925B802C,Exact filename and size are candidate signals only; no identity relationship promoted.
hold:dup-a7fa2aa85304,DUP-A7FA2AA85304,2,REVIEW_REQUIRED,HOLD,TITLE;SIZE,0.35,,,drive-canonical-family-review-v0.6.0.csv:DUP-A7FA2AA85304,Exact filename and size are candidate signals only; no identity relationship promoted.
hold:dup-a861dc1ff3df,DUP-A861DC1FF3DF,2,REVIEW_REQUIRED,HOLD,TITLE;SIZE,0.35,,,drive-canonical-family-review-v0.6.0.csv:DUP-A861DC1FF3DF,Exact filename and size are candidate signals only; no identity relationship promoted.
hold:dup-a8751a8977f4,DUP-A8751A8977F4,2,REVIEW_REQUIRED,HOLD,TITLE;SIZE,0.35,,,drive-canonical-family-review-v0.6.0.csv:DUP-A8751A8977F4,Exact filename and size are candidate signals only; no identity relationship promoted.
hold:dup-aa655945a93b,DUP-AA655945A93B,2,REVIEW_REQUIRED,HOLD,TITLE;SIZE,0.35,,,drive-canonical-family-review-v0.6.0.csv:DUP-AA655945A93B,Exact filename and size are candidate signals only; no identity relationship promoted.
hold:dup-ac78f5a81cae,DUP-AC78F5A81CAE,2,REVIEW_REQUIRED,HOLD,TITLE;SIZE,0.35,,,drive-canonical-family-review-v0.6.0.csv:DUP-AC78F5A81CAE,Exact filename and size are candidate signals only; no identity relationship promoted.
hold:dup-ae43ca9d6042,DUP-AE43CA9D6042,2,REVIEW_REQUIRED,HOLD,TITLE;SIZE,0.35,,,drive-canonical-family-review-v0.6.0.csv:DUP-AE43CA9D6042,Exact filename and size are candidate signals only; no identity relationship promoted.
hold:dup-af6e21704477,DUP-AF6E21704477,2,REVIEW_REQUIRED,HOLD,TITLE;SIZE,0.35,,,drive-canonical-family-review-v0.6.0.csv:DUP-AF6E21704477,Exact filename and size are candidate signals only; no identity relationship promoted.
hold:dup-b1d60eeda865,DUP-B1D60EEDA865,2,REVIEW_REQUIRED,HOLD,TITLE;SIZE,0.35,,,drive-canonical-family-review-v0.6.0.csv:DUP-B1D60EEDA865,Exact filename and size are candidate signals only; no identity relationship promoted.
hold:dup-bb9c732bf779,DUP-BB9C732BF779,2,REVIEW_REQUIRED,HOLD,TITLE;SIZE,0.35,,,drive-canonical-family-review-v0.6.0.csv:DUP-BB9C732BF779,Exact filename and size are candidate signals only; no identity relationship promoted.
hold:dup-bc8d6b6776f4,DUP-BC8D6B6776F4,2,REVIEW_REQUIRED,HOLD,TITLE;SIZE,0.35,,,drive-canonical-family-review-v0.6.0.csv:DUP-BC8D6B6776F4,Exact filename and size are candidate signals only; no identity relationship promoted.
hold:dup-bcc255aa69b8,DUP-BCC255AA69B8,2,REVIEW_REQUIRED,HOLD,TITLE;SIZE,0.35,,,drive-canonical-family-review-v0.6.0.csv:DUP-BCC255AA69B8,Exact filename and size are candidate signals only; no identity relationship promoted.
hold:dup-bd34bab23a1f,DUP-BD34BAB23A1F,2,REVIEW_REQUIRED,HOLD,TITLE;SIZE,0.35,,,drive-canonical-family-review-v0.6.0.csv:DUP-BD34BAB23A1F,Exact filename and size are candidate signals only; no identity relationship promoted.
hold:dup-c2be5ea0b0a2,DUP-C2BE5EA0B0A2,2,REVIEW_REQUIRED,HOLD,TITLE;SIZE,0.35,,,drive-canonical-family-review-v0.6.0.csv:DUP-C2BE5EA0B0A2,Exact filename and size are candidate signals only; no identity relationship promoted.
hold:dup-c2d37615a2ba,DUP-C2D37615A2BA,2,REVIEW_REQUIRED,HOLD,TITLE;SIZE,0.35,,,drive-canonical-family-review-v0.6.0.csv:DUP-C2D37615A2BA,Exact filename and size are candidate signals only; no identity relationship promoted.
hold:dup-c72f1092c9ee,DUP-C72F1092C9EE,2,REVIEW_REQUIRED,HOLD,TITLE;SIZE,0.35,,,drive-canonical-family-review-v0.6.0.csv:DUP-C72F1092C9EE,Exact filename and size are candidate signals only; no identity relationship promoted.
hold:dup-c9085bad8fb8,DUP-C9085BAD8FB8,2,REVIEW_REQUIRED,HOLD,TITLE;SIZE,0.35,,,drive-canonical-family-review-v0.6.0.csv:DUP-C9085BAD8FB8,Exact filename and size are candidate signals only; no identity relationship promoted.
hold:dup-c941afdd611f,DUP-C941AFDD611F,2,REVIEW_REQUIRED,HOLD,TITLE;SIZE,0.35,,,drive-canonical-family-review-v0.6.0.csv:DUP-C941AFDD611F,Exact filename and size are candidate signals only; no identity relationship promoted.
hold:dup-c9661a607584,DUP-C9661A607584,2,REVIEW_REQUIRED,HOLD,TITLE;SIZE,0.35,,,drive-canonical-family-review-v0.6.0.csv:DUP-C9661A607584,Exact filename and size are candidate signals only; no identity relationship promoted.
hold:dup-cabaefd7a16a,DUP-CABAEFD7A16A,2,REVIEW_REQUIRED,HOLD,TITLE;SIZE,0.35,,,drive-canonical-family-review-v0.6.0.csv:DUP-CABAEFD7A16A,Exact filename and size are candidate signals only; no identity relationship promoted.
hold:dup-cae55458d32d,DUP-CAE55458D32D,2,REVIEW_REQUIRED,HOLD,TITLE;SIZE,0.35,,,drive-canonical-family-review-v0.6.0.csv:DUP-CAE55458D32D,Exact filename and size are candidate signals only; no identity relationship promoted.
hold:dup-d1353fd8e147,DUP-D1353FD8E147,2,REVIEW_REQUIRED,HOLD,TITLE;SIZE,0.35,,,drive-canonical-family-review-v0.6.0.csv:DUP-D1353FD8E147,Exact filename and size are candidate signals only; no identity relationship promoted.
hold:dup-d15287f401c4,DUP-D15287F401C4,2,REVIEW_REQUIRED,HOLD,TITLE;SIZE,0.35,,,drive-canonical-family-review-v0.6.0.csv:DUP-D15287F401C4,Exact filename and size are candidate signals only; no identity relationship promoted.
hold:dup-d2d92d03655a,DUP-D2D92D03655A,2,REVIEW_REQUIRED,HOLD,TITLE;SIZE,0.35,,,drive-canonical-family-review-v0.6.0.csv:DUP-D2D92D03655A,Exact filename and size are candidate signals only; no identity relationship promoted.
hold:dup-d39db6a220c6,DUP-D39DB6A220C6,2,REVIEW_REQUIRED,HOLD,TITLE;SIZE,0.35,,,drive-canonical-family-review-v0.6.0.csv:DUP-D39DB6A220C6,Exact filename and size are candidate signals only; no identity relationship promoted.
hold:dup-d4a45974dccd,DUP-D4A45974DCCD,2,REVIEW_REQUIRED,HOLD,TITLE;SIZE,0.35,,,drive-canonical-family-review-v0.6.0.csv:DUP-D4A45974DCCD,Exact filename and size are candidate signals only; no identity relationship promoted.
hold:dup-d584961fb95a,DUP-D584961FB95A,2,REVIEW_REQUIRED,HOLD,TITLE;SIZE,0.35,,,drive-canonical-family-review-v0.6.0.csv:DUP-D584961FB95A,Exact filename and size are candidate signals only; no identity relationship promoted.
hold:dup-d65b55bad2c4,DUP-D65B55BAD2C4,2,REVIEW_REQUIRED,HOLD,TITLE;SIZE,0.35,,,drive-canonical-family-review-v0.6.0.csv:DUP-D65B55BAD2C4,Exact filename and size are candidate signals only; no identity relationship promoted.
hold:dup-de25f84970d9,DUP-DE25F84970D9,2,REVIEW_REQUIRED,HOLD,TITLE;SIZE,0.35,,,drive-canonical-family-review-v0.6.0.csv:DUP-DE25F84970D9,Exact filename and size are candidate signals only; no identity relationship promoted.
hold:dup-df387f89ff1a,DUP-DF387F89FF1A,2,REVIEW_REQUIRED,HOLD,TITLE;SIZE,0.35,,,drive-canonical-family-review-v0.6.0.csv:DUP-DF387F89FF1A,Exact filename and size are candidate signals only; no identity relationship promoted.
hold:dup-dfc0307ed3b2,DUP-DFC0307ED3B2,2,REVIEW_REQUIRED,HOLD,TITLE;SIZE,0.35,,,drive-canonical-family-review-v0.6.0.csv:DUP-DFC0307ED3B2,Exact filename and size are candidate signals only; no identity relationship promoted.
hold:dup-dfce762cb6f4,DUP-DFCE762CB6F4,2,REVIEW_REQUIRED,HOLD,TITLE;SIZE,0.35,,,drive-canonical-family-review-v0.6.0.csv:DUP-DFCE762CB6F4,Exact filename and size are candidate signals only; no identity relationship promoted.
hold:dup-e2a07f8c13b6,DUP-E2A07F8C13B6,2,REVIEW_REQUIRED,HOLD,TITLE;SIZE,0.35,,,drive-canonical-family-review-v0.6.0.csv:DUP-E2A07F8C13B6,Exact filename and size are candidate signals only; no identity relationship promoted.
hold:dup-e34401ae4469,DUP-E34401AE4469,2,REVIEW_REQUIRED,HOLD,TITLE;SIZE,0.35,,,drive-canonical-family-review-v0.6.0.csv:DUP-E34401AE4469,Exact filename and size are candidate signals only; no identity relationship promoted.
hold:dup-e907980b8101,DUP-E907980B8101,2,REVIEW_REQUIRED,HOLD,TITLE;SIZE,0.35,,,drive-canonical-family-review-v0.6.0.csv:DUP-E907980B8101,Exact filename and size are candidate signals only; no identity relationship promoted.
hold:dup-e9e8080dd8c5,DUP-E9E8080DD8C5,2,REVIEW_REQUIRED,HOLD,TITLE;SIZE,0.35,,,drive-canonical-family-review-v0.6.0.csv:DUP-E9E8080DD8C5,Exact filename and size are candidate signals only; no identity relationship promoted.
hold:dup-ec86cb099c6f,DUP-EC86CB099C6F,2,REVIEW_REQUIRED,HOLD,TITLE;SIZE,0.35,,,drive-canonical-family-review-v0.6.0.csv:DUP-EC86CB099C6F,Exact filename and size are candidate signals only; no identity relationship promoted.
hold:dup-f302968c3cd6,DUP-F302968C3CD6,2,REVIEW_REQUIRED,HOLD,TITLE;SIZE,0.35,,,drive-canonical-family-review-v0.6.0.csv:DUP-F302968C3CD6,Exact filename and size are candidate signals only; no identity relationship promoted.
hold:dup-f31b55dba489,DUP-F31B55DBA489,2,REVIEW_REQUIRED,HOLD,TITLE;SIZE,0.35,,,drive-canonical-family-review-v0.6.0.csv:DUP-F31B55DBA489,Exact filename and size are candidate signals only; no identity relationship promoted.
hold:dup-f451de831e1f,DUP-F451DE831E1F,2,REVIEW_REQUIRED,HOLD,TITLE;SIZE,0.35,,,drive-canonical-family-review-v0.6.0.csv:DUP-F451DE831E1F,Exact filename and size are candidate signals only; no identity relationship promoted.
hold:dup-f799795c6b67,DUP-F799795C6B67,2,REVIEW_REQUIRED,HOLD,TITLE;SIZE,0.35,,,drive-canonical-family-review-v0.6.0.csv:DUP-F799795C6B67,Exact filename and size are candidate signals only; no identity relationship promoted.
hold:dup-f9234dda0ff7,DUP-F9234DDA0FF7,2,REVIEW_REQUIRED,HOLD,TITLE;SIZE,0.35,,,drive-canonical-family-review-v0.6.0.csv:DUP-F9234DDA0FF7,Exact filename and size are candidate signals only; no identity relationship promoted.
hold:dup-f95b227ab6f6,DUP-F95B227AB6F6,2,REVIEW_REQUIRED,HOLD,TITLE;SIZE,0.35,,,drive-canonical-family-review-v0.6.0.csv:DUP-F95B227AB6F6,Exact filename and size are candidate signals only; no identity relationship promoted.
hold:dup-fb3c16fcc18b,DUP-FB3C16FCC18B,2,REVIEW_REQUIRED,HOLD,TITLE;SIZE,0.35,,,drive-canonical-family-review-v0.6.0.csv:DUP-FB3C16FCC18B,Exact filename and size are candidate signals only; no identity relationship promoted.
hold:dup-fd9d9eae3f62,DUP-FD9D9EAE3F62,2,REVIEW_REQUIRED,HOLD,TITLE;SIZE,0.35,,,drive-canonical-family-review-v0.6.0.csv:DUP-FD9D9EAE3F62,Exact filename and size are candidate signals only; no identity relationship promoted.
hold:dup-fe6c7b729c48,DUP-FE6C7B729C48,2,REVIEW_REQUIRED,HOLD,TITLE;SIZE,0.35,,,drive-canonical-family-review-v0.6.0.csv:DUP-FE6C7B729C48,Exact filename and size are candidate signals only; no identity relationship promoted.
hold:dup-fea0728e3375,DUP-FEA0728E3375,2,REVIEW_REQUIRED,HOLD,TITLE;SIZE,0.35,,,drive-canonical-family-review-v0.6.0.csv:DUP-FEA0728E3375,Exact filename and size are candidate signals only; no identity relationship promoted.
