akashic_id,drive_id,title,mime_type,relevance_class,privacy_class,evidence_state,ingestion_status,duplicate_family,created_at,updated_at,source_url,notes
GDRIVE-0001,1b6SuQvDh1DX30RwvrEzdJPwNNMCbji7Y,Psychedelic Therapy Journal Club,application/vnd.google-apps.folder,CORE,PUBLIC,UNCERTAIN,REVIEW,,2023-05-18T08:14:16.073Z,2025-02-19T09:44:08.202Z,https://drive.google.com/drive/folders/1b6SuQvDh1DX30RwvrEzdJPwNNMCbji7Y,Research collection; inspect children before ingestion
GDRIVE-0002,1NZVg1rCRWUx-GtzrrJNr-QqK2pwyA_VHG8v_OuxXUzI,OPEN Journal Club Sessions & Papers,application/vnd.google-apps.spreadsheet,CORE,PUBLIC,SOURCED,APPROVED,,2023-05-18T08:23:37.133Z,2026-07-27T13:07:38.252Z,https://docs.google.com/spreadsheets/d/1NZVg1rCRWUx-GtzrrJNr-QqK2pwyA_VHG8v_OuxXUzI/edit,Research bibliography / journal-club index
GDRIVE-0003,1xIvb041-RhaAyrUiCfau9H7o_Eez4VhJl_I_e8RAzQA,HPPD Information Guide - v.1.3,application/vnd.google-apps.document,CORE,PUBLIC,SOURCED,APPROVED,,2022-09-12T11:21:16.844Z,2022-11-17T14:47:59.867Z,https://docs.google.com/document/d/1xIvb041-RhaAyrUiCfau9H7o_Eez4VhJl_I_e8RAzQA/edit,Harm-reduction / evidence resource
GDRIVE-0004,1K-j48nEE7k6AEteJeHreS_55hKqNUWxT4UKMxsUzTdY,PsychedelicIntegration101.7,application/vnd.google-apps.document,CORE,PUBLIC,UNCERTAIN,REVIEW,psychedelic-integration-101,2022-01-05T13:08:54.911Z,2022-04-14T22:33:36.298Z,https://docs.google.com/document/d/1K-j48nEE7k6AEteJeHreS_55hKqNUWxT4UKMxsUzTdY/edit,Duplicate/version family; compare content before canonical selection
GDRIVE-0005,1hco5WCOBOfWn5Yy8vKEiSRta1jhuYHMS0UZz-5Rjnx8,PsychedelicIntegration101.7,application/vnd.google-apps.document,CORE,PUBLIC,UNCERTAIN,REVIEW,psychedelic-integration-101,2020-07-29T21:01:12.186Z,2021-12-01T21:07:11.578Z,https://docs.google.com/document/d/1hco5WCOBOfWn5Yy8vKEiSRta1jhuYHMS0UZz-5Rjnx8/edit,Duplicate/version family; likely earlier copy
GDRIVE-0007,1IRPhziWfx72dIlGC1xIuEPWqb_uwnumdtYnmmsR4jto,Sources: Crash Course Religions,application/vnd.google-apps.document,CONTEXTUAL,PUBLIC,SOURCED,APPROVED,,2024-01-29T14:33:08.634Z,2025-03-04T17:02:06.282Z,https://docs.google.com/document/d/1IRPhziWfx72dIlGC1xIuEPWqb_uwnumdtYnmmsR4jto/edit,Religion reference material; useful for cross-domain context
GDRIVE-0008,1f3x453ZZqFwobiLmC3FCAX8CPXuv3FOqB4keVk-IlXI,OZORA 2026 TIMELINE (official),application/vnd.google-apps.spreadsheet,CONTEXTUAL,PUBLIC,SOURCED,APPROVED,,2026-06-25T18:08:14.700Z,2026-08-01T18:22:23.985Z,https://docs.google.com/spreadsheets/d/1f3x453ZZqFwobiLmC3FCAX8CPXuv3FOqB4keVk-IlXI/edit,Festival/event context; do not prioritise in research retrieval
GDRIVE-0009,1TA7tTPWkHhPFCRCx6uN1hsl0wLcVSXE_gM8lT9m9Sks,Ozora 2024 · Set times Genre & Opinions,application/vnd.google-apps.spreadsheet,CONTEXTUAL,PUBLIC,OBSERVED,APPROVED,,2024-06-20T16:37:08.911Z,2025-06-17T21:26:31.931Z,https://docs.google.com/spreadsheets/d/1TA7tTPWkHhPFCRCx6uN1hsl0wLcVSXE_gM8lT9m9Sks/edit,Festival/event context including opinions
GDRIVE-0010,1jjdU7_c5zj-_ohiwN_q4HfYgz2QLwZxJUg8upSdGQaU,Boom 2025 set times inc genres and descriptions,application/vnd.google-apps.spreadsheet,CONTEXTUAL,PUBLIC,OBSERVED,APPROVED,,2025-07-04T21:30:01.135Z,2025-07-15T17:26:04.858Z,https://docs.google.com/spreadsheets/d/1jjdU7_c5zj-_ohiwN_q4HfYgz2QLwZxJUg8upSdGQaU/edit,Festival/event context
GDRIVE-0013,1mqLjC343Alhsw5ZZiVO_HX415RPBDYqC,Microdose Tracker.pdf,application/pdf,CORE,PUBLIC,UNCERTAIN,REVIEW,microdose-tracker-family,2022-03-21T00:34:29.437Z,2022-03-21T01:23:38.441Z,https://drive.google.com/file/d/1mqLjC343Alhsw5ZZiVO_HX415RPBDYqC/view,Tracker template; possible duplicate family
GDRIVE-0014,1if0-tHdDKGBZyzFiWGIf7UlMwKjfz97o,Microdose Tracker PDF.pdf,application/pdf,CORE,PUBLIC,UNCERTAIN,REVIEW,microdose-tracker-family,2022-04-15T00:57:20.563Z,2022-04-15T00:57:38.591Z,https://drive.google.com/file/d/1if0-tHdDKGBZyzFiWGIf7UlMwKjfz97o/view,Tracker template; possible duplicate family
GDRIVE-0015,1nV6SNHykFJuDmsOQytt76wf1ZFsMaIid,Printable MD Tracker.pdf,application/pdf,CORE,PUBLIC,UNCERTAIN,REVIEW,microdose-tracker-family,2022-04-08T15:12:46.308Z,2022-04-14T20:59:48.209Z,https://drive.google.com/file/d/1nV6SNHykFJuDmsOQytt76wf1ZFsMaIid/view,Tracker template; possible duplicate family
GDRIVE-0016,1ZktPqqDcblff3K3lF3gbYQHGd96auJJ4,Curated_Conor_Murray_Clubhouse_Talk_10_8_25.pdf,application/pdf,CORE,PUBLIC,OBSERVED,REVIEW,,2025-10-09T03:26:26.891Z,2025-10-09T17:37:15.742Z,https://drive.google.com/file/d/1ZktPqqDcblff3K3lF3gbYQHGd96auJJ4/view,Curated discussion; statements require source-level evidence assessment
GDRIVE-0017,1nAc2QGU6DB1AfqNtMdPfZ3JWXS7SuojGXz5M2bQ8ggY,HowtoPrepare_1.3,application/vnd.google-apps.document,CORE,PUBLIC,UNCERTAIN,REVIEW,,2020-07-18T17:03:54.878Z,2020-10-30T10:16:19.929Z,https://docs.google.com/document/d/1nAc2QGU6DB1AfqNtMdPfZ3JWXS7SuojGXz5M2bQ8ggY/edit,Psychedelic preparation / harm-reduction candidate
GDRIVE-0019,1EpS1_oSRARYNDTte54jj0ghkbWXlIaGC,TGtaAR v5.pdf,application/pdf,CORE,PUBLIC,UNCERTAIN,REVIEW,,2019-12-29T10:49:46.364Z,2019-12-29T10:50:04.955Z,https://drive.google.com/file/d/1EpS1_oSRARYNDTte54jj0ghkbWXlIaGC/view,Matches consciousness psychedelic DMT meditation searches; inspect content and provenance
GDRIVE-0022,1YPXQMnhNbwn5z-CtvLM7ZTmNsSCx1XO4,Strange gamma-ray signal could unlock dark matter’s secrets.docx,application/vnd.openxmlformats-officedocument.wordprocessingml.document,CORE,PUBLIC,SOURCED,APPROVED,,2026-08-20T18:05:01.251Z,2026-08-20T18:30:40.938Z,https://docs.google.com/document/d/1YPXQMnhNbwn5z-CtvLM7ZTmNsSCx1XO4/edit,Physics / cosmology evidence candidate; broadens corpus beyond consciousness topics
GDRIVE-0023,18MlQAbxRYmTYr25_z0J3BRr7QcbQGC5h1kq1BkKhgbo,Academic survey review process,application/vnd.google-apps.document,CORE,PUBLIC,SOURCED,APPROVED,,2019-03-24T14:17:17.229Z,2025-06-25T19:27:22.583Z,https://docs.google.com/document/d/18MlQAbxRYmTYr25_z0J3BRr7QcbQGC5h1kq1BkKhgbo/edit,Research-methods candidate; useful for epistemic and evidence layer
GDRIVE-0024,1G4QcLPoG6YwCAvFCXE6On7qd3by-K3H5e0ukaCGKcyo,Boom 2023 set times,application/vnd.google-apps.spreadsheet,CONTEXTUAL,PUBLIC,OBSERVED,APPROVED,,2023-04-08T08:49:25.871Z,2025-11-23T20:46:32.428Z,https://docs.google.com/spreadsheets/d/1G4QcLPoG6YwCAvFCXE6On7qd3by-K3H5e0ukaCGKcyo/edit,Festival/event context; useful for timeline linking but low research priority
GDRIVE-0026,1MZTQlHn1tBa8MHovfrDegK-DlXOBwpveI8EGlNzuxLg,"Nutrients - Deficiencies, Risk factors, and Antagonistic & Synergystic Relationships",application/vnd.openxmlformats-officedocument.spreadsheetml.sheet,CONTEXTUAL,PUBLIC,SOURCED,APPROVED,,2020-10-18T12:58:47.929Z,2021-01-28T08:58:46.040Z,https://docs.google.com/spreadsheets/d/1MZTQlHn1tBa8MHovfrDegK-DlXOBwpveI8EGlNzuxLg/edit,Community-created reference; claims inherit evidence quality from cited primary/authoritative sources rather than spreadsheet authority
GDRIVE-0027,1SDcIOGrtJvtw3-iT8AiZCTV7268BdwQBrBLFT9Od_eE,sleep.pdf,text/plain,CONTEXTUAL,PUBLIC,SOURCED,REVIEW,sleep-epworth-family,2016-09-15T20:23:33.659Z,2016-09-15T20:23:44.629Z,https://docs.google.com/document/d/1SDcIOGrtJvtw3-iT8AiZCTV7268BdwQBrBLFT9Od_eE/edit,German Epworth Sleepiness Scale instrument; compare identically named copies before canonical selection
GDRIVE-0029,1-EoRU1rynpwsr1ViuPHtSKHKU1n5nlvb,Reviewing the Potential of Psychedelics for the Treatment of PTSD.pdf,application/pdf,CORE,PUBLIC,SOURCED,APPROVED,,2025-04-10T17:42:52.629Z,2025-04-10T17:40:56.000Z,https://drive.google.com/file/d/1-EoRU1rynpwsr1ViuPHtSKHKU1n5nlvb/view,Peer-reviewed open-access review; PTSD and psychedelic-assisted therapy evidence
GDRIVE-0030,1YDis75ZvSQtW84cDBdzhphKFhiC_JNoe,Sex and psychedelics: a wide-lens look at a burgeoning field.pdf,application/pdf,CORE,PUBLIC,SOURCED,APPROVED,,2025-04-10T17:39:03.047Z,2025-04-10T17:38:43.000Z,https://drive.google.com/file/d/1YDis75ZvSQtW84cDBdzhphKFhiC_JNoe/view,Scholarly humanities/ethics perspective; useful counterweight to efficacy-focused literature
GDRIVE-0031,1rKlAaol1xi3c9QmnxRta2cvE6l5pghjL,Psychedelics and sexual functioning: a mixed-methods study.pdf,application/pdf,CORE,PUBLIC,SOURCED,APPROVED,,2025-04-10T17:38:21.665Z,2025-04-10T17:37:56.000Z,https://drive.google.com/file/d/1rKlAaol1xi3c9QmnxRta2cvE6l5pghjL/view,Scientific Reports 2024 mixed-methods research; retain study-design limitations
GDRIVE-0032,1KGdCg4O0hAob1fjIC6E5q8LSlaReUJpu,Measuring psychotherapeutic processes in the context of psychedelic experiences: Validation of the General Change Mechanisms Questionnaire (GCMQ).pdf,application/pdf,CORE,PUBLIC,SOURCED,APPROVED,,2025-04-10T17:36:20.204Z,2025-04-10T17:36:42.563Z,https://drive.google.com/file/d/1KGdCg4O0hAob1fjIC6E5q8LSlaReUJpu/view,Peer-reviewed validation study; psychometrics and therapeutic mechanisms
GDRIVE-0033,1YWttblBNW6lhvevGxeQyQ_-jd2BgZSdu,A Psychoanalytic Perspective on Psychedelic Experience.pdf,application/pdf,CORE,PUBLIC,SOURCED,APPROVED,,2025-04-10T17:35:16.177Z,2025-04-10T17:34:58.000Z,https://drive.google.com/file/d/1YWttblBNW6lhvevGxeQyQ_-jd2BgZSdu/view,Peer-reviewed theoretical perspective; distinguish interpretation from empirical findings
GDRIVE-0034,16s39OTJ2tuqbcEvZc_4TPM7iqGEUv7cP,Psychedelic integration challenges: Participant experiences after a psilocybin truffle retreat in the Netherlands.pdf,application/pdf,CORE,PUBLIC,SOURCED,APPROVED,,2025-04-10T17:30:46.390Z,2025-04-10T17:33:37.998Z,https://drive.google.com/file/d/16s39OTJ2tuqbcEvZc_4TPM7iqGEUv7cP/view,Qualitative original research; integration challenges and harm reduction
GDRIVE-0035,1VC7D1tKldhWSnM7LNREXEvFjPuaQSdfC,5-MeO-DMT-An-Atypical-Psychedelic-with-Unique-Pharmacology-Phenomenology-and-Risk (1).pdf,application/pdf,CORE,PUBLIC,SOURCED,REVIEW,,2025-04-10T17:37:10.313Z,2025-04-10T15:33:05.000Z,https://drive.google.com/file/d/1VC7D1tKldhWSnM7LNREXEvFjPuaQSdfC/view,Research presentation/derivative summarising named authors; verify against primary paper before claim-level ingestion
GDRIVE-0036,1az1MtX2hR5a_zAxjBqG2CWbp28LHyYP4,Oxytocin-dependent reopening of a social reward learning critical period with MDMA.pdf,application/pdf,CORE,PUBLIC,SOURCED,APPROVED,,2025-04-10T17:39:58.427Z,2025-04-10T15:29:28.000Z,https://drive.google.com/file/d/1az1MtX2hR5a_zAxjBqG2CWbp28LHyYP4/view,Nature 2019 preclinical mouse study; do not generalise directly to humans
GDRIVE-0037,1CSKODnixgWE5uerWxyCfkpHK9nbBehGS,EFFECTIVENESS OF KETAMINE FOR THE TREATMENT OF POST-TRAUMATIC STRESS DISORDER – A SYSTEMATIC REVIEW AND META-ANALYSIS.pdf,application/pdf,CORE,PUBLIC,CORROBORATED,APPROVED,,2025-04-10T17:40:00.620Z,2025-04-10T15:29:14.000Z,https://drive.google.com/file/d/1CSKODnixgWE5uerWxyCfkpHK9nbBehGS/view,2024 systematic review/meta-analysis; high heterogeneity noted by authors
GDRIVE-0038,1fF4pEgDi2gf3sMGaQIKKMXekUqo6UlYJ,Therapeutic frameworks in integration sessions in substance-assisted psychotherapy A systematised review (Thal et al. 2023).pdf,application/pdf,CORE,PUBLIC,SOURCED,REVIEW,,2024-01-10T22:36:30.413Z,2024-01-10T22:34:26.000Z,https://drive.google.com/file/d/1fF4pEgDi2gf3sMGaQIKKMXekUqo6UlYJ/view,Systematised review; extraction is noisy; preserve DOI/provenance and verify before claim-level indexing
GDRIVE-0040,1cEIcrUIItaUCVt5DouHqShjJlHQXFPUv,Articles,application/vnd.google-apps.folder,CORE,PUBLIC,SOURCED,METADATA_ONLY,,2024-01-10T16:33:49.937Z,2024-01-10T16:33:49.937Z,https://drive.google.com/drive/folders/1cEIcrUIItaUCVt5DouHqShjJlHQXFPUv,Journal-club article collection; children indexed individually