root_index,root_title,drive_id,traversal_state,notes
1,Golden Dawn,1r_k3VvyzYuvD6D8nWq5tdDxAyZA5K0O-,TERMINAL_LEAF,Root scanned; no descendant folders observed
2,Masonry,1zxUqa1_3XqF1U06_7FOnz_smIwSb3Naf,TERMINAL_LEAF,Root scanned; no descendant folders observed
3,Palmistry,1HpKueHcCH_Li0JDwnpLYgM9Mgxi3mKGu,TERMINAL_LEAF,Exact direct set observed; no descendants
4,Astral Projection,1l2uPAhKf912J5Wgf9n2bWcARWuFH0au0,TERMINAL_LEAF,Root scanned; no descendant folders observed
5,Aura + Astral Bodies,16Vsj431nHiCEeEkCv7nazC9DiSLw_6RH,TERMINAL_LEAF,Root scanned; no descendant folders observed
6,Grimoire,1j73DC16J8CclS1oU5Z3J_FuL4XipSerP,COMPLETE,All discovered child folders traversed to terminal
7,The Law of One,1koF150kIKIcp8ITZFor2wvo5NeMutrK5,TERMINAL_LEAF,Root scanned; no descendant folders observed
8,The Law of Time,1jEGThwQMYfnxO3xKlknbDJrsZx98HOzR,TERMINAL_LEAF,Root scanned; no descendant folders observed
9,Education,1y8yC_WsdhF5UiQ8W9dz708GJchhjX8rP,TERMINAL_LEAF,Root scanned; no descendant folders observed
10,Religion,12yVgzixP8GdmWvul9_5VgUSQdMHPEdw4,COMPLETE,Noahs Flood child resolved and terminal
11,Apocrypha,11FYnH4T0NySNcnyv4A9EquyIz6jIxLGD,COMPLETE,Book of Enoch and Gospels hierarchy traversed to terminal
12,Bible,1n8nVzy-RpjUxULOxKMb6i18G6H0hkaHs,TERMINAL_LEAF,Root scanned; no descendant folders observed
13,World History,1vPrb2R0-3VL7fZX4XwZnfxHAFOpCzYIQ,COMPLETE,Five immediate child collections resolved; known children terminal/empty
14,Metaphysics,12ltBOhZW8OUr7a8sYXWShFdetX1yS9JW,COMPLETE,Knowledge Lecture and Encyclopedia children terminal
15,Magick,1HhNiCO66FtPVSUsk37nbZcCz82t482tw,COMPLETE,Known descendants recursively traversed to terminal
16,Yoga,1FfVH3QbLC5BHv3A4Z5K0GuD0TNNvnUqy,COMPLETE,Known Vivekananda and Ramacharaka branches resolved terminal
17,Voudon,1etUaGxnioWly2zTD_yn-t4AgAAdEK7Lg,TERMINAL_LEAF,Root scanned; no descendant folders observed
18,Wicca,1wyBHu8GvZc1sa9I_sOXO5bSu-W1P2BL8,TERMINAL_LEAF,Root scanned; no descendant folders observed
19,Textbooks,1mMu4pfNmTz4NvHTfLu0pN0uLbkcJhxzp,TERMINAL_LEAF,Root scanned; no descendant folders observed
20,Ancient Civillizations,1fSocQAt83xZ3dCW00TGnIj837p6zmwWG,COMPLETE,Known descendants traversed to terminal
21,Founding Fathers,1ThCY7YseeRuZFDtZ8eSwgGctXrMVT4mV,TERMINAL_LEAF,No child folders found
22,Rosicurcianism,1m-T7rVrfmyeWwlieTtZ1ihrnUcKkqSKk,TERMINAL_LEAF,Root scanned; no descendant folders observed
23,Fiction,1y9PMW_IF6gqgtje4flQQ_WE2DoLliDlw,TERMINAL_LEAF,No child folders found
24,Physics,1ig0GSEweYnZlXFMRtuiCqmMlAjVQl_Kt,TERMINAL_LEAF,No child folders found
25,Politics,1k5hIFLIsbkDBOICasSKMbIS61R7_IPEG,TERMINAL_LEAF,No child folders found
26,Secret Societies,1jXTok0MchLd_yKx2_-qdoQP_aNPwnoli,COMPLETE,Forbidden History of Europe child resolved terminal
27,Native America,1Spt1RncugnRIV-0o1_ItXagR3zHseaTz,COMPLETE,Native Races child resolved terminal
28,Language,14jKQgzXO5c26ow1PyzutuEHSS80xmzLX,TERMINAL_LEAF,No child folders found
29,Slavery + Racism,1ZvU4DaVjiEy7DHg_S-2iWnaTlS7wR1kM,TERMINAL_LEAF,No child folders found
30,Numerology,1vEi14qmz2VepA2Rgv1wW70mPidUOa-rO,TERMINAL_LEAF,Root scanned; no descendant folders observed
31,Psychology,1GT1T94q9xG1oM588uj6lIs3we3GECHTG,COMPLETE,Psychic Development empty-confirmed; Locke collection resolved terminal
32,Sufism,1bc63zUFhQ6fayXL7ehlQDDdSkR8iCE-X,TERMINAL_LEAF,No child folders found
33,Science,1YSW3C2pNLayMKpSxMUnPqBYT_-g2OvZ9,COMPLETE,Niels Bohr child resolved terminal
34,Theosophy,1mq1lI8Y5dRKFbMOnaX6jz0ILq-Nyk75I,COMPLETE,Known author descendants traversed terminal
35,The Fourth Way,1CanF7c9v57caFhyuBjN6FXZWgm4HPBfi,TERMINAL_LEAF,Seven direct records; no descendants
36,Reference,1xY4M3UraPbJIz2u-Ncdmm6Sn1bPqxlxT,TERMINAL_LEAF,No child folders found
37,Radical Liberations,1UNfVPlyBZ2u16S_6mqSTjiTpeACJMSR3,TERMINAL_LEAF,No child folders found
38,Sikh,1Fi_M1fxwA6MVqpFn6zdxSm9fm1howrEd,TERMINAL_LEAF,One direct document; no descendants
39,Poison Path,1vZfyJmg1mN1dNdWA9Goxk9ei9FSLxYrx,TERMINAL_LEAF,Root scanned; no descendant folders observed
40,Uncategorized,1fvlSQAFQsqRJhPGlUtAvgiRidkcwAWWl,TERMINAL_LEAF,Root scanned; no descendant folders observed
41,Philosophy,1flzBkKJ3s63CO4S5iLqADnsACk5yymKW,COMPLETE,All known descendants resolved terminal including Agrippa Kierkegaard Krishnamurti Ouspensky Einstein Morya Mannheim and Mother series
42,Occultism,1wOHBkLBrHVns2R6fuTcQIBbx7hsmzOpV,TERMINAL_LEAF,Root scanned; no descendant folders observed
43,Logic,1H8M4noPSKoR2-PHAkB9IZ-L_EkQKx4XO,COMPLETE,Heidegger Marx and Russell descendants resolved terminal
44,Non-duality,1RSoDlPvPP0NGuSY85L8RxvdIA0nL5RhG,TERMINAL_LEAF,No child folders found
45,Literature,1zIwuuWu49wrkJ1dV33SizKLAD23B0yV9,COMPLETE,Six descendant author/collection branches resolved terminal
46,Gnosticism,1gv0WnEe2H6f5UuUCB4rW0ftxkPrRz7-K,TERMINAL_LEAF,Root scanned; no descendant folders observed
47,Astrology,10u7SYQn_uHwokAFj9UGOTM62ZQ-VaKQS,TERMINAL_LEAF,Root scanned; no descendant folders observed
48,Judaism,18poq_Oz35Cpy8JlrHZ-U9YDXsFLsyv1R,COMPLETE,Talmud complete child resolved terminal
49,Egyptian Mysteries,1magauEbA31JIIqwLdhOGm3FxSAOquCKu,TERMINAL_LEAF,Root scanned; no descendant folders observed
50,Hermeticism,1hGApqG515soixzvFi-7ZpYN5hy97nf5g,TERMINAL_LEAF,Root scanned; no descendant folders observed
51,Kabbalah,194SvqEkwFcVtAZlp8fuva--P_QzWGPic,TERMINAL_LEAF,Root scanned; no descendant folders observed
52,Islam,11SrNtbStsVSuAsRMWQJ01v9u9NPJ4rQe,COMPLETE,Qutb collection resolved terminal
53,Law,1cSe8_EPXe9LkvxiOpt713qlwXpRJB7Ee,TERMINAL_LEAF,Root scanned; Black's Law technical artifact noted
54,Hinduism,1c3t_RQdTi4jRDNxSLUJMfif57wJz7jG_,COMPLETE,Known Vivekananda Atharva Veda Nisargadatta Supermundane and Aurobindo descendants resolved/empty
55,Extraterrestrials,1gRyrvHCixwdrxv7t_DDYUZYWZ-nXdApL,COMPLETE,Law of One child Books 1-5 terminal
56,Alchemy,1DfX1R-_IFk5LpebTtJZWvXoKaTfHaFBp,COMPLETE,Jean Dubuis and Abramelin descendants resolved terminal
57,Dzogchen,14zAc21p5_-Szka2jR4b4xQEddzqEC15I,COMPLETE,Four introductory texts child resolved terminal
58,Catholocism,1cOXTqeVsEtMDXI6ZfZR2EozxMLd6Y3U6,COMPLETE,Gospel Thomas Ante-Nicene and Nicene/Post-Nicene descendants resolved terminal
59,Christianity,1A99Zpykd2p_GIcgYQ-pzsohV6O_dO7kA,COMPLETE,Known descendants resolved; two empty-confirmed branches
60,Shamanism,13jV_C5HhR2JoalvAatUoL9wIj8TeAvGn,COMPLETE,Techniques Modern Shamanism child resolved terminal
61,Taoism,1pnXpdjDqxI35FK7LYYKJPJKNQ_XIjHwU,TERMINAL_LEAF,No child folders found
62,Ancient Religions,1ybc34p2T4Q81yR4FJWclv3k79-lOwYre,ACCESS_UNRESOLVED,Most descendants resolved but one Gnosis descendant had connector-level access failure
63,Buddhism,1zRRev6kDn7I4i23uk5btY6y2RwUBJGvr,COMPLETE,Known descendant collections resolved terminal
64,Biographies,1gtWlxilSfKqQkpAmvNN6Wbor4bO1EixW,COMPLETE,Four descendant collections resolved terminal
65,Bizzare,1qFjT3G0QhNXr6yD8ySPObB786B6-ks59,COMPLETE,Two child collections resolved terminal
66,PDF,19EQ0UzrihX3JyB9Wj2j1kUDpY_kexJ-M,COMPLETE,Twelve immediate author/collection branches structurally closed
