candidate_family_id,name,size,object_count,review_state,promotion_status,evidence_basis,notes
DUP-01F2B2A55085,.DS_Store,6148,11,CLOSED_TECHNICAL,NONE,exact filename + size only,Technical artefact family.
DUP-381F1F73FCE8,Madame-Guyon-Autobiography.pdf,359654,3,REVIEW_REQUIRED,NONE,exact filename + size only,No byte identity or same-work assertion without stronger evidence.
DUP-05622D665D68,St-Paul-the-Traveler-Roman-Citizen.pdf,1243170,3,REVIEW_REQUIRED,NONE,exact filename + size only,No byte identity or same-work assertion without stronger evidence.
DUP-34B468CC9C01,The Fundamentals of Meditation Practice.pdf,624093,3,REVIEW_REQUIRED,NONE,exact filename + size only,No byte identity or same-work assertion without stronger evidence.
DUP-2D796B63ED1C,The-Life-of-Buddha-Ebook.pdf,800154,3,REVIEW_REQUIRED,NONE,exact filename + size only,No byte identity or same-work assertion without stronger evidence.
DUP-9AB2F9465DE7,Thomas-Aquinas-Nature-and-Grace.pdf,1593698,3,REVIEW_REQUIRED,NONE,exact filename + size only,No byte identity or same-work assertion without stronger evidence.
DUP-7F64DA783E5B,Timothy-Leary-Psychedelic-Prayers.pdf,325509,3,REVIEW_REQUIRED,NONE,exact filename + size only,No byte identity or same-work assertion without stronger evidence.
DUP-BD34BAB23A1F,A Depth of Beginning - Notes on Kabbalah.pdf,1918243,2,REVIEW_REQUIRED,NONE,exact filename + size only,No byte identity or same-work assertion without stronger evidence.
DUP-5F2DA1FE6F46,A-Collection-Of-Studies-On-The-Tibetan-Bon-Tradition.pdf,812083,2,REVIEW_REQUIRED,NONE,exact filename + size only,No byte identity or same-work assertion without stronger evidence.
DUP-35B92B5AF2FB,A-Heart-Released.pdf,328502,2,REVIEW_REQUIRED,NONE,exact filename + size only,No byte identity or same-work assertion without stronger evidence.
DUP-D65B55BAD2C4,Ajaan-Khao-A-True-Spiritual-Warrior.pdf,4750326,2,REVIEW_REQUIRED,NONE,exact filename + size only,No byte identity or same-work assertion without stronger evidence.
DUP-9A80D24C065E,Al-Azif-Necronomicon.pdf,1466752,2,REVIEW_REQUIRED,NONE,exact filename + size only,No byte identity or same-work assertion without stronger evidence.
DUP-DFC0307ED3B2,Alexandrian Book of Shadows.pdf,758105,2,REVIEW_REQUIRED,NONE,exact filename + size only,No byte identity or same-work assertion without stronger evidence.
DUP-8AE9EFF3EC83,Ali - Invincible Spells of the Afghan Mullah Sensees.pdf,1454543,2,REVIEW_REQUIRED,NONE,exact filename + size only,No byte identity or same-work assertion without stronger evidence.
DUP-FD9D9EAE3F62,An_Introduction_to_Yoga_-By_Annie_Besant.pdf,424548,2,REVIEW_REQUIRED,NONE,exact filename + size only,No byte identity or same-work assertion without stronger evidence.
DUP-37766A1A8EFF,Ancient Egypt Under the Pharaohs.pdf,33754251,2,REVIEW_REQUIRED,NONE,exact filename + size only,No byte identity or same-work assertion without stronger evidence.
DUP-2A6DEDCB99FA,Arthur Conan Doyle - The History of Spiritualism I.pdf,690671,2,REVIEW_REQUIRED,NONE,exact filename + size only,No byte identity or same-work assertion without stronger evidence.
DUP-C72F1092C9EE,Asoka-and-the-Missions.pdf,854818,2,REVIEW_REQUIRED,NONE,exact filename + size only,No byte identity or same-work assertion without stronger evidence.
DUP-8CBC24E94EC0,Astral Worship.pdf,1024395,2,REVIEW_REQUIRED,NONE,exact filename + size only,No byte identity or same-work assertion without stronger evidence.
DUP-C9661A607584,Astrology (Zodiac Personalities).pdf,4996250,2,REVIEW_REQUIRED,NONE,exact filename + size only,No byte identity or same-work assertion without stronger evidence.
DUP-64F9F9AF0AC1,Augustins-City-of-God-and-On-Christian-Doctrine.pdf,5816792,2,REVIEW_REQUIRED,NONE,exact filename + size only,No byte identity or same-work assertion without stronger evidence.
DUP-CABAEFD7A16A,AwarenessItself180407.pdf,1086685,2,REVIEW_REQUIRED,NONE,exact filename + size only,No byte identity or same-work assertion without stronger evidence.
DUP-53BBFC7A1EBE,BrahadaranyakaUpanishad-Madhavaananda.pdf,56687224,2,REVIEW_REQUIRED,NONE,exact filename + size only,No byte identity or same-work assertion without stronger evidence.
DUP-A8751A8977F4,CLF-TheEnneagram-Gurdjieff.pdf,106179,2,REVIEW_REQUIRED,NONE,exact filename + size only,No byte identity or same-work assertion without stronger evidence.
DUP-BB9C732BF779,Church-History-Life-of-Constantine-Oration-in-Praise-of-Constantine-by-Eusebius-Pamphilius.pdf,5924478,2,REVIEW_REQUIRED,NONE,exact filename + size only,No byte identity or same-work assertion without stronger evidence.
DUP-FEA0728E3375,CodexSeraphinianus.pdf,22231220,2,REVIEW_REQUIRED,NONE,exact filename + size only,No byte identity or same-work assertion without stronger evidence.
DUP-6102BB747A46,Come-And-See.pdf,1113042,2,REVIEW_REQUIRED,NONE,exact filename + size only,No byte identity or same-work assertion without stronger evidence.
DUP-E2A07F8C13B6,Commentary-on-Ngöndro-Practice-according-to-The-New-Treasure-of-Dudjom.pdf,912887,2,REVIEW_REQUIRED,NONE,exact filename + size only,No byte identity or same-work assertion without stronger evidence.
DUP-7E1E1BA5257E,Concealed Dynamics.pdf,3417264,2,REVIEW_REQUIRED,NONE,exact filename + size only,No byte identity or same-work assertion without stronger evidence.
DUP-DFCE762CB6F4,Consciousness-Studies.pdf,15772174,2,REVIEW_REQUIRED,NONE,exact filename + size only,No byte identity or same-work assertion without stronger evidence.
DUP-F95B227AB6F6,Dictionary of Deities and Demons in the Bible.pdf,66728944,2,REVIEW_REQUIRED,NONE,exact filename + size only,No byte identity or same-work assertion without stronger evidence.
DUP-AC78F5A81CAE,Earth Ascending.pdf,3375601,2,REVIEW_REQUIRED,NONE,exact filename + size only,No byte identity or same-work assertion without stronger evidence.
DUP-5FB81D685F0D,Egyptian Ideas of the Future Life.pdf,159086,2,REVIEW_REQUIRED,NONE,exact filename + size only,No byte identity or same-work assertion without stronger evidence.
DUP-F451DE831E1F,Egyptian Myth and Legend.pdf,465975,2,REVIEW_REQUIRED,NONE,exact filename + size only,No byte identity or same-work assertion without stronger evidence.
DUP-715E703A6A8F,Esoteric Treatise of Hermetic Astrology.pdf,241105,2,REVIEW_REQUIRED,NONE,exact filename + size only,No byte identity or same-work assertion without stronger evidence.
DUP-C2BE5EA0B0A2,Essential Neurology.pdf,3253132,2,REVIEW_REQUIRED,NONE,exact filename + size only,No byte identity or same-work assertion without stronger evidence.
DUP-8CE08E94896C,Etymology of Latin and Greek.pdf,14769570,2,REVIEW_REQUIRED,NONE,exact filename + size only,No byte identity or same-work assertion without stronger evidence.
DUP-558B1FD80DA9,Exploring Human History - The First 2500 Years.pdf,1007723,2,REVIEW_REQUIRED,NONE,exact filename + size only,No byte identity or same-work assertion without stronger evidence.
DUP-6B2934922052,Food-Of-The-Gods-Terence-Mckenna.pdf,3446277,2,REVIEW_REQUIRED,NONE,exact filename + size only,No byte identity or same-work assertion without stronger evidence.
DUP-448573445133,Forbidden History of Europe Vol. I.pdf,14240598,2,REVIEW_REQUIRED,NONE,exact filename + size only,No byte identity or same-work assertion without stronger evidence.
DUP-02C72EB00FD0,Forbidden History of Europe Vol. IX.pdf,14678803,2,REVIEW_REQUIRED,NONE,exact filename + size only,No byte identity or same-work assertion without stronger evidence.
DUP-8AD7658E1B29,Forbidden History of Europe Vol. VII.pdf,3745991,2,REVIEW_REQUIRED,NONE,exact filename + size only,No byte identity or same-work assertion without stronger evidence.
DUP-F31B55DBA489,Forbidden History of Europe Vol. VIII.pdf,4436491,2,REVIEW_REQUIRED,NONE,exact filename + size only,No byte identity or same-work assertion without stronger evidence.
DUP-98FB0D0232BA,Forbidden History of Europe Vol. X.pdf,10047346,2,REVIEW_REQUIRED,NONE,exact filename + size only,No byte identity or same-work assertion without stronger evidence.
DUP-1965E48AC74B,Forbidden History of Europe Vol. XI.pdf,7271580,2,REVIEW_REQUIRED,NONE,exact filename + size only,No byte identity or same-work assertion without stronger evidence.
DUP-2992F58EEA95,Forbidden History of Europe Vol. XII.pdf,877915,2,REVIEW_REQUIRED,NONE,exact filename + size only,No byte identity or same-work assertion without stronger evidence.
DUP-64C4B08AE08D,G.-Gurdjieffs-Institure-for-the-Harmonious-Development-of-Man.pdf,170302,2,REVIEW_REQUIRED,NONE,exact filename + size only,No byte identity or same-work assertion without stronger evidence.
DUP-5104B690FFF6,Grounding Cognition.pdf,5807323,2,REVIEW_REQUIRED,NONE,exact filename + size only,No byte identity or same-work assertion without stronger evidence.
DUP-A305925B802C,Hallucinogenic-Plants-A-Golden-Guide.pdf,9407560,2,REVIEW_REQUIRED,NONE,exact filename + size only,No byte identity or same-work assertion without stronger evidence.
DUP-3D1AA3243EE4,History-of-Greek-Philosophy-I.pdf,22211496,2,REVIEW_REQUIRED,NONE,exact filename + size only,No byte identity or same-work assertion without stronger evidence.
DUP-F9234DDA0FF7,History-of-Greek-Philosophy-II.pdf,22462890,2,REVIEW_REQUIRED,NONE,exact filename + size only,No byte identity or same-work assertion without stronger evidence.
DUP-C2D37615A2BA,History-of-Mysticism.pdf,4346288,2,REVIEW_REQUIRED,NONE,exact filename + size only,No byte identity or same-work assertion without stronger evidence.
DUP-DF387F89FF1A,How I Found Freedom in an Unfree World.pdf,1432287,2,REVIEW_REQUIRED,NONE,exact filename + size only,No byte identity or same-work assertion without stronger evidence.
DUP-AE43CA9D6042,Ibn-Al-Arabi-Tarjuman-Al-Ashwaq.pdf,6816803,2,REVIEW_REQUIRED,NONE,exact filename + size only,No byte identity or same-work assertion without stronger evidence.
DUP-A287C2E662C0,Illuminati Formula for Mind Control.pdf,2440975,2,REVIEW_REQUIRED,NONE,exact filename + size only,No byte identity or same-work assertion without stronger evidence.
DUP-92311C59626E,Jamyang-Khyentse-Wangpo-the-Great-1820-92.pdf,112930,2,REVIEW_REQUIRED,NONE,exact filename + size only,No byte identity or same-work assertion without stronger evidence.
DUP-41465D270FC1,Kundalini-and-Yantra.pdf,5253779,2,REVIEW_REQUIRED,NONE,exact filename + size only,No byte identity or same-work assertion without stronger evidence.
DUP-A7FA2AA85304,Lao-tse-The-Tao-Teh-King.pdf,679220,2,REVIEW_REQUIRED,NONE,exact filename + size only,No byte identity or same-work assertion without stronger evidence.
DUP-F302968C3CD6,Legislative Expression.pdf,581350,2,REVIEW_REQUIRED,NONE,exact filename + size only,No byte identity or same-work assertion without stronger evidence.
DUP-8E273E1F6994,Life-of-Saint-Francis-of-Assisi-by-Paul-Sabatier.pdf,1041741,2,REVIEW_REQUIRED,NONE,exact filename + size only,No byte identity or same-work assertion without stronger evidence.
DUP-2FE859FAFFF2,Living-Nonduality.pdf,2126700,2,REVIEW_REQUIRED,NONE,exact filename + size only,No byte identity or same-work assertion without stronger evidence.
DUP-AF6E21704477,Lucifer Nahuatl.pdf,17209,2,REVIEW_REQUIRED,NONE,exact filename + size only,No byte identity or same-work assertion without stronger evidence.
DUP-711677C91B10,MUSHROOMS-RUSSIA-AND-HISTORY-Volume-1.pdf,7535919,2,REVIEW_REQUIRED,NONE,exact filename + size only,No byte identity or same-work assertion without stronger evidence.
DUP-1324BF1E164E,MUSHROOMS-RUSSIA-AND-HISTORY-Volume-2.pdf,8413439,2,REVIEW_REQUIRED,NONE,exact filename + size only,No byte identity or same-work assertion without stronger evidence.
DUP-8791B37F7B44,Mae-Chee-Kaew-Her-Journey-to-Spiritual-Awakening-Enlightenment.pdf,2776582,2,REVIEW_REQUIRED,NONE,exact filename + size only,No byte identity or same-work assertion without stronger evidence.
DUP-64C3CB7490A9,Magic-Mushrooms-around-the-world.pdf,7679382,2,REVIEW_REQUIRED,NONE,exact filename + size only,No byte identity or same-work assertion without stronger evidence.
DUP-02F27997B07F,MahabharataOfVyasa-EnglishTranslationByKMGanguli.pdf,22892697,2,REVIEW_REQUIRED,NONE,exact filename + size only,No byte identity or same-work assertion without stronger evidence.
DUP-2A9EEA9CD388,Max-Cafard-Zen-Anarchy.pdf,910215,2,REVIEW_REQUIRED,NONE,exact filename + size only,No byte identity or same-work assertion without stronger evidence.
DUP-9ABB04E0617F,Nalinikas-story.pdf,420331,2,REVIEW_REQUIRED,NONE,exact filename + size only,No byte identity or same-work assertion without stronger evidence.
DUP-739D81E4FA16,Natures-Finer-Forces-The-Science-of-Breath-Rama-Prasad.pdf,391712,2,REVIEW_REQUIRED,NONE,exact filename + size only,No byte identity or same-work assertion without stronger evidence.
DUP-4779C0467953,Nectar-of-Sunyata.pdf,882538,2,REVIEW_REQUIRED,NONE,exact filename + size only,No byte identity or same-work assertion without stronger evidence.
DUP-877B163AAF69,On the Metaphysics of Numbers.pdf,9584252,2,REVIEW_REQUIRED,NONE,exact filename + size only,No byte identity or same-work assertion without stronger evidence.
DUP-517D90C073AE,Pistis Sophia Unveiled.pdf,965203,2,REVIEW_REQUIRED,NONE,exact filename + size only,No byte identity or same-work assertion without stronger evidence.
DUP-9E82CDDAEEB6,Preksha-Dhyana-Perception-of-Psychic-Colours.pdf,1606530,2,REVIEW_REQUIRED,NONE,exact filename + size only,No byte identity or same-work assertion without stronger evidence.
DUP-378D7773B8A7,Propaganda.pdf,1342781,2,REVIEW_REQUIRED,NONE,exact filename + size only,No byte identity or same-work assertion without stronger evidence.
DUP-CAE55458D32D,Psychedelic-information-theory-Shamanism-in-the-age-of-Reason.pdf,6202650,2,REVIEW_REQUIRED,NONE,exact filename + size only,No byte identity or same-work assertion without stronger evidence.
DUP-FB3C16FCC18B,Queen_of_Sheba.pdf,841165,2,REVIEW_REQUIRED,NONE,exact filename + size only,No byte identity or same-work assertion without stronger evidence.
DUP-0EA612D594E0,Rohonc-Codex.pdf,4879089,2,REVIEW_REQUIRED,NONE,exact filename + size only,No byte identity or same-work assertion without stronger evidence.
DUP-7287D8AD145D,Secret-of-the-Golden-Flower.pdf,386367,2,REVIEW_REQUIRED,NONE,exact filename + size only,No byte identity or same-work assertion without stronger evidence.
DUP-93CEB73872A2,Sixty-Songs-of-Milarepa.pdf,390872,2,REVIEW_REQUIRED,NONE,exact filename + size only,No byte identity or same-work assertion without stronger evidence.
DUP-DE25F84970D9,Snow-in-the-Summer.pdf,371884,2,REVIEW_REQUIRED,NONE,exact filename + size only,No byte identity or same-work assertion without stronger evidence.
DUP-D4A45974DCCD,Sri-Aurobindo-VOL-36-Autobiographical-Notes-and-Other-Writings-of-Historical-Interest.pdf,2143386,2,REVIEW_REQUIRED,NONE,exact filename + size only,No byte identity or same-work assertion without stronger evidence.
DUP-0CEA685CC78B,Sunyata-The-typewritten-manuscripts.pdf,97867750,2,REVIEW_REQUIRED,NONE,exact filename + size only,No byte identity or same-work assertion without stronger evidence.
DUP-B1D60EEDA865,Techniques-of-Modern-Shamanism-vol-1-Walking-Between-The-Worlds.pdf,130384,2,REVIEW_REQUIRED,NONE,exact filename + size only,No byte identity or same-work assertion without stronger evidence.
DUP-3B099FC78D6B,Techniques-of-Modern-Shamanism-vol-2-Walking-Between-The-Worlds.pdf,97449,2,REVIEW_REQUIRED,NONE,exact filename + size only,No byte identity or same-work assertion without stronger evidence.
DUP-8A80D46FB256,Techniques-of-Modern-Shamanism-vol-3-Walking-Between-The-Worlds.pdf,341266,2,REVIEW_REQUIRED,NONE,exact filename + size only,No byte identity or same-work assertion without stronger evidence.
DUP-E34401AE4469,Terrorism and the Illuminati.pdf,1859397,2,REVIEW_REQUIRED,NONE,exact filename + size only,No byte identity or same-work assertion without stronger evidence.
DUP-BC8D6B6776F4,The Aquarian Gospel of Jesus the Christ.pdf,524360,2,REVIEW_REQUIRED,NONE,exact filename + size only,No byte identity or same-work assertion without stronger evidence.
DUP-8494706D5F6E,The Art Planet Chronicles - The Making of the Fifth Ring.pdf,1166850,2,REVIEW_REQUIRED,NONE,exact filename + size only,No byte identity or same-work assertion without stronger evidence.
DUP-D39DB6A220C6,The Atlantis Encyclopedia.pdf,4043991,2,REVIEW_REQUIRED,NONE,exact filename + size only,No byte identity or same-work assertion without stronger evidence.
DUP-56B824D25B76,The Book of Am-Tuat.pdf,202818,2,REVIEW_REQUIRED,NONE,exact filename + size only,No byte identity or same-work assertion without stronger evidence.
DUP-579341CA3B16,The Ether of Space.pdf,7890960,2,REVIEW_REQUIRED,NONE,exact filename + size only,No byte identity or same-work assertion without stronger evidence.
DUP-3A11084B0A35,The Gnostic Crucifixion.pdf,4430482,2,REVIEW_REQUIRED,NONE,exact filename + size only,No byte identity or same-work assertion without stronger evidence.
DUP-4FAC7D3C607E,The Gods of Eden.pdf,2678005,2,REVIEW_REQUIRED,NONE,exact filename + size only,No byte identity or same-work assertion without stronger evidence.
DUP-E907980B8101,The Hitchhikers Guide to the Galaxy.pdf,2409071,2,REVIEW_REQUIRED,NONE,exact filename + size only,No byte identity or same-work assertion without stronger evidence.
DUP-513915C81973,The Key of the Mysteries.pdf,501217,2,REVIEW_REQUIRED,NONE,exact filename + size only,No byte identity or same-work assertion without stronger evidence.
DUP-E9E8080DD8C5,The Perfect Way.pdf,20741090,2,REVIEW_REQUIRED,NONE,exact filename + size only,No byte identity or same-work assertion without stronger evidence.
DUP-7E507343A167,The Scriptures and Inscription of Darius the Great.pdf,12110573,2,REVIEW_REQUIRED,NONE,exact filename + size only,No byte identity or same-work assertion without stronger evidence.
DUP-D584961FB95A,The Secret World Government.pdf,7140096,2,REVIEW_REQUIRED,NONE,exact filename + size only,No byte identity or same-work assertion without stronger evidence.
DUP-70FE0041D868,The Tree of Life.pdf,24034,2,REVIEW_REQUIRED,NONE,exact filename + size only,No byte identity or same-work assertion without stronger evidence.
DUP-D1353FD8E147,The Voudon-Gnostic Workbook.pdf,83551285,2,REVIEW_REQUIRED,NONE,exact filename + size only,No byte identity or same-work assertion without stronger evidence.
DUP-7B38A1818EAC,The-Book-of-Five-Rings-by-Musashi-Miyamoto.pdf,271385,2,REVIEW_REQUIRED,NONE,exact filename + size only,No byte identity or same-work assertion without stronger evidence.
DUP-D15287F401C4,The-Book-of-Soyga.pdf,6216806,2,REVIEW_REQUIRED,NONE,exact filename + size only,No byte identity or same-work assertion without stronger evidence.
DUP-BCC255AA69B8,The-Complete-Pythagoras.pdf,942461,2,REVIEW_REQUIRED,NONE,exact filename + size only,No byte identity or same-work assertion without stronger evidence.
DUP-4290E4300A1C,The-Complete-works-of-Nostradamus.pdf,1074445,2,REVIEW_REQUIRED,NONE,exact filename + size only,No byte identity or same-work assertion without stronger evidence.
DUP-D2D92D03655A,The-Doors-Of-Perception-Aldous-Huxley.pdf,317934,2,REVIEW_REQUIRED,NONE,exact filename + size only,No byte identity or same-work assertion without stronger evidence.
DUP-11A58CA359B0,The-Haran-Gawaita-and-the-Baptism-of-Hibil-Ziwa.pdf,5635676,2,REVIEW_REQUIRED,NONE,exact filename + size only,No byte identity or same-work assertion without stronger evidence.
DUP-A083AF4129F3,The-Illuminated-Sketchbook-of-Stephan-Scriber.pdf,9821348,2,REVIEW_REQUIRED,NONE,exact filename + size only,No byte identity or same-work assertion without stronger evidence.
DUP-511AA54AED5C,The-John-Dee-Necronomicon.pdf,3972904,2,REVIEW_REQUIRED,NONE,exact filename + size only,No byte identity or same-work assertion without stronger evidence.
DUP-9CDB7DC43E9B,The-Life-of-the-Buddha.pdf,800154,2,REVIEW_REQUIRED,NONE,exact filename + size only,No byte identity or same-work assertion without stronger evidence.
DUP-EC86CB099C6F,The-Necronomicon-Spellbook.pdf,265676,2,REVIEW_REQUIRED,NONE,exact filename + size only,No byte identity or same-work assertion without stronger evidence.
DUP-8A8AE1D032CC,The-Quiet-Mind.pdf,1605335,2,REVIEW_REQUIRED,NONE,exact filename + size only,No byte identity or same-work assertion without stronger evidence.
DUP-89F0076010B3,The-Simon-Necronomicon.pdf,4494276,2,REVIEW_REQUIRED,NONE,exact filename + size only,No byte identity or same-work assertion without stronger evidence.
DUP-F799795C6B67,The-Sufism-of-the-Rubaiyat.pdf,1195241,2,REVIEW_REQUIRED,NONE,exact filename + size only,No byte identity or same-work assertion without stronger evidence.
DUP-5DF5255F51A7,The-Sutra-of-Recollecting-the-Three-Jewels.pdf,288919,2,REVIEW_REQUIRED,NONE,exact filename + size only,No byte identity or same-work assertion without stronger evidence.
DUP-FE6C7B729C48,The-Venerable-Phra-Acharn-Mun-Bhuridatta-Thera-meditation-master.pdf,1144454,2,REVIEW_REQUIRED,NONE,exact filename + size only,No byte identity or same-work assertion without stronger evidence.
DUP-C941AFDD611F,The-Yajur-Veda-Taittiriya-Sanhita-Taittiriya-Sanhita.pdf,1075587,2,REVIEW_REQUIRED,NONE,exact filename + size only,No byte identity or same-work assertion without stronger evidence.
DUP-53B17C56E11C,The_Astral_Plane_By_Charles_Leadbeater.pdf,332288,2,REVIEW_REQUIRED,NONE,exact filename + size only,No byte identity or same-work assertion without stronger evidence.
DUP-C9085BAD8FB8,The_Complete_Works_of_H.P._Lovecraft.pdf,13437841,2,REVIEW_REQUIRED,NONE,exact filename + size only,No byte identity or same-work assertion without stronger evidence.
DUP-19E3EF6021B8,Time and the Technosphere.pdf,9549976,2,REVIEW_REQUIRED,NONE,exact filename + size only,No byte identity or same-work assertion without stronger evidence.
DUP-064ADF1778E2,Transmutation-of-Personality-through-Preksha-Meditation.pdf,5343180,2,REVIEW_REQUIRED,NONE,exact filename + size only,No byte identity or same-work assertion without stronger evidence.
DUP-1CA0EA1618FF,Unentangled-Knowing.pdf,2631815,2,REVIEW_REQUIRED,NONE,exact filename + size only,No byte identity or same-work assertion without stronger evidence.
DUP-3907E4F0FFEC,Voynich-Manuscript.pdf,56746185,2,REVIEW_REQUIRED,NONE,exact filename + size only,No byte identity or same-work assertion without stronger evidence.
DUP-A861DC1FF3DF,Wonderful Ethiopians of the Ancient Cushite Empire.pdf,764082,2,REVIEW_REQUIRED,NONE,exact filename + size only,No byte identity or same-work assertion without stronger evidence.
DUP-3363467F56CB,Ye-Magick-Mirrour-of-Old-Japan.pdf,5117707,2,REVIEW_REQUIRED,NONE,exact filename + size only,No byte identity or same-work assertion without stronger evidence.
DUP-AA655945A93B,joyous_cosmology.pdf,649720,2,REVIEW_REQUIRED,NONE,exact filename + size only,No byte identity or same-work assertion without stronger evidence.
DUP-48DCF71E4DE9,psychedelic_shamanism.pdf,3797464,2,REVIEW_REQUIRED,NONE,exact filename + size only,No byte identity or same-work assertion without stronger evidence.
