root_title,collection_path,depth,drive_id,direct_documents,direct_child_folders,direct_objects,page_count,pagination_exhausted,status
Golden Dawn,Golden Dawn,0,1r_k3VvyzYuvD6D8nWq5tdDxAyZA5K0O-,3,0,3,1,True,PASS
Masonry,Masonry,0,1zxUqa1_3XqF1U06_7FOnz_smIwSb3Naf,18,0,18,1,True,PASS
Palmistry,Palmistry,0,1HpKueHcCH_Li0JDwnpLYgM9Mgxi3mKGu,7,0,7,1,True,PASS
Astral Projection,Astral Projection,0,1l2uPAhKf912J5Wgf9n2bWcARWuFH0au0,6,0,6,1,True,PASS
Aura + Astral Bodies,Aura + Astral Bodies,0,16Vsj431nHiCEeEkCv7nazC9DiSLw_6RH,6,0,6,1,True,PASS
Grimoire,Grimoire,0,1j73DC16J8CclS1oU5Z3J_FuL4XipSerP,18,2,20,1,True,PASS
Grimoire,Grimoire/gkos,1,1KLiJ8J572aQL55Eo69sL3HCtiZ8NQ1tl,2,0,2,1,True,PASS
Grimoire,Grimoire/Abramelin,1,1z5kGMqycpcZnRIrt5dFCEb_l5ocyEhKU,3,0,3,1,True,PASS
The Law of One,The Law of One,0,1koF150kIKIcp8ITZFor2wvo5NeMutrK5,7,0,7,1,True,PASS
The Law of Time,The Law of Time,0,1jEGThwQMYfnxO3xKlknbDJrsZx98HOzR,8,0,8,1,True,PASS
Education,Education,0,1y8yC_WsdhF5UiQ8W9dz708GJchhjX8rP,1,0,1,1,True,PASS
Religion,Religion,0,12yVgzixP8GdmWvul9_5VgUSQdMHPEdw4,26,1,27,1,True,PASS
Religion,"Religion/Noahs Flood in the Bible, Quran and Mesopotamian Stories",1,1KvG57hE6_fnGSCcfLxpGd8MkB7bknAFk,2,0,2,1,True,PASS
Apocrypha,Apocrypha,0,11FYnH4T0NySNcnyv4A9EquyIz6jIxLGD,8,2,10,1,True,PASS
Apocrypha,Apocrypha/Book of Enoch,1,1-IBtG7WwJHwSaFeR67xsTc_BPrgTvSlJ,4,0,4,1,True,PASS
Apocrypha,Apocrypha/Gospels,1,1f9CFPf5qukt-aa67vMFNkbPDJ1gc8TSO,30,7,37,1,True,PASS
Apocrypha,Apocrypha/Gospels/Books of Esdras,2,1Oeqaww2s9jwlNJp1DJYm2Elnp-9vMiZy,2,0,2,1,True,PASS
Apocrypha,Apocrypha/Gospels/Infancy of Jesus,2,1pAeUxB-9Q7fUtP5iqGNSej9O_1JYqmqA,2,0,2,1,True,PASS
Apocrypha,Apocrypha/Gospels/Epistle of Clement,2,1XjPcZnAbQAyVBHsMTR59gZ29YvK7byxG,2,0,2,1,True,PASS
Apocrypha,Apocrypha/Gospels/Gospel of Peace,2,1CRsLGYk27JaGMdKvzaAwyNpXKWTsOPxi,4,0,4,1,True,PASS
Apocrypha,Apocrypha/Gospels/Books of Baruch,2,1kejfUTwIg1Gz4nI1iOY6HoGQA-kEsziV,2,0,2,1,True,PASS
Apocrypha,Apocrypha/Gospels/Adam and Eve,2,1yImfbT0C0hKaS3a8QUdng5SLk86c_EAP,2,0,2,1,True,PASS
Apocrypha,Apocrypha/Gospels/Apocalypse of James,2,142gsqi4RLjwLeo001PEhdliEH9m9pN9z,2,0,2,1,True,PASS
Bible,Bible,0,1n8nVzy-RpjUxULOxKMb6i18G6H0hkaHs,3,0,3,1,True,PASS
World History,World History,0,1vPrb2R0-3VL7fZX4XwZnfxHAFOpCzYIQ,19,5,24,1,True,PASS
World History,World History/The Swastika,1,13mwAI96DFTMZ9HBKUrg3JIc1lTsT02Yx,2,0,2,1,True,PASS
World History,World History/Natural Genesis,1,1AO4sbKuu3HOmJrdrdejRFvggVlnraz7w,2,0,2,1,True,PASS
World History,World History/Forbbiden History of Europe,1,18a1kDcB_A-SmMPRsWKGqY84hEvuJjTow,12,0,12,1,True,PASS
World History,World History/Compendium of World History,1,1vKIGmyduebEDaiU5eW6sxJziwO61u922,2,0,2,1,True,PASS
World History,World History/Anaclypsis,1,1r6u8J99OBzYO2RF7W5Hq0SShN8G1outO,0,0,0,1,True,PASS
Metaphysics,Metaphysics,0,12ltBOhZW8OUr7a8sYXWShFdetX1yS9JW,127,2,129,1,True,PASS
Metaphysics,Metaphysics/Knowledge Lecture,1,1luiewMefHuC14_LNeqSLTwJ1biibL8dh,5,0,5,1,True,PASS
Metaphysics,Metaphysics/Encyclopedia of Occultism and Parapsychology,1,14FqwMl-DpK9FGBJ9yHsJLAwSpYTBpQJW,2,0,2,1,True,PASS
Magick,Magick,0,1HhNiCO66FtPVSUsk37nbZcCz82t482tw,53,5,58,1,True,PASS
Magick,Magick/Ceremonial Beginners,1,115mbr88eCCTVvQgPeinVt6Yau12XoRUa,20,2,22,1,True,PASS
Magick,Magick/Agrippa,1,1mKC87Dvlf6YanNGCmCsHTVfbzqvwxSPi,4,0,4,1,True,PASS
Magick,Magick/Magi Development Course,1,1TrzbE5-XLLGTUibwCXSE8uu0IqPE2CWa,10,0,10,1,True,PASS
Magick,Magick/Chaos Magick,1,13vpzvVDkTab_n7h8Zupc3XCfUwLXmPvH,6,0,6,1,True,PASS
Magick,Magick/Dogma et Rituel de la Haute Magie,1,1P88VGU1p0-OY24nC9zKtPeD1-DdHq187,2,0,2,1,True,PASS
Magick,Magick/Ceremonial Beginners/Occult Philosophy,2,1DBNlwKGnR5AXUDL2cpJecnQ1WpZo-LAx,4,0,4,1,True,PASS
Magick,Magick/Ceremonial Beginners/The Sacred Magi of Abramelin the Mage,2,1CQQrq6EiY5ree5SYv1AEo3p4UDHpZqQP,3,0,3,1,True,PASS
Yoga,Yoga,0,1FfVH3QbLC5BHv3A4Z5K0GuD0TNNvnUqy,13,2,15,1,True,PASS
Yoga,Yoga/Swami Vivekananda,1,1ENl_3xG2gvBInPjOHBwhAA4VjYvGrqbW,4,0,4,1,True,PASS
Yoga,Yoga/Yogi Ramacharaka,1,1eps6CVXdBdQv56N3r6TG3zDSAtaPKAde,13,0,13,1,True,PASS
Voudon,Voudon,0,1etUaGxnioWly2zTD_yn-t4AgAAdEK7Lg,3,0,3,1,True,PASS
Wicca,Wicca,0,1wyBHu8GvZc1sa9I_sOXO5bSu-W1P2BL8,14,0,14,1,True,PASS
Textbooks,Textbooks,0,1mMu4pfNmTz4NvHTfLu0pN0uLbkcJhxzp,2,0,2,1,True,PASS
Ancient Civillizations,Ancient Civillizations,0,1fSocQAt83xZ3dCW00TGnIj837p6zmwWG,26,3,29,1,True,PASS
Ancient Civillizations,Ancient Civillizations/G.R.S._Mead,1,1HTcO-xqfPP7BosMKVwP6dRPCEDtzH2AV,3,0,3,1,True,PASS
Ancient Civillizations,Ancient Civillizations/Writing in Maya Glyphs,1,1di2SA1YsRwoUVdAx40pBIREOgk2yTLS_,2,0,2,1,True,PASS
Ancient Civillizations,Ancient Civillizations/Atlantis,1,1jXAFWLoXuijF-EFS1sJemuBhgEIkbJ5F,5,0,5,1,True,PASS
Founding Fathers,Founding Fathers,0,1ThCY7YseeRuZFDtZ8eSwgGctXrMVT4mV,6,0,6,1,True,PASS
Rosicurcianism,Rosicurcianism,0,1m-T7rVrfmyeWwlieTtZ1ihrnUcKkqSKk,7,0,7,1,True,PASS
Fiction,Fiction,0,1y9PMW_IF6gqgtje4flQQ_WE2DoLliDlw,14,0,14,1,True,PASS
Physics,Physics,0,1ig0GSEweYnZlXFMRtuiCqmMlAjVQl_Kt,3,0,3,1,True,PASS
Politics,Politics,0,1k5hIFLIsbkDBOICasSKMbIS61R7_IPEG,7,0,7,1,True,PASS
Secret Societies,Secret Societies,0,1jXTok0MchLd_yKx2_-qdoQP_aNPwnoli,26,1,27,1,True,PASS
Secret Societies,Secret Societies/Forbbiden History of Europe,1,1aOrx7rB3Rf6v363-jYaUAEEeosIxtJB1,12,0,12,1,True,PASS
Native America,Native America,0,1Spt1RncugnRIV-0o1_ItXagR3zHseaTz,5,1,6,1,True,PASS
Native America,Native America/The Native Races Wild Tribes,1,1WH2zK02xXNkpYY4vRlPbSIEpueVIRXQ0,4,0,4,1,True,PASS
Language,Language,0,14jKQgzXO5c26ow1PyzutuEHSS80xmzLX,5,0,5,1,True,PASS
Slavery + Racism,Slavery + Racism,0,1ZvU4DaVjiEy7DHg_S-2iWnaTlS7wR1kM,10,0,10,1,True,PASS
Numerology,Numerology,0,1vEi14qmz2VepA2Rgv1wW70mPidUOa-rO,7,0,7,1,True,PASS
Psychology,Psychology,0,1GT1T94q9xG1oM588uj6lIs3we3GECHTG,35,2,37,1,True,PASS
Psychology,Psychology/Psychic Development,1,17eO5tDXT8qAnuIoMPCPeR6g8JPPqI8AK,0,0,0,1,True,PASS
Psychology,Psychology/Complete works of John Locke,1,1fE8HK-vh1tVIi2ZtlOSGuh0rpI3avpmP,8,0,8,1,True,PASS
Sufism,Sufism,0,1bc63zUFhQ6fayXL7ehlQDDdSkR8iCE-X,3,0,3,1,True,PASS
Science,Science,0,1YSW3C2pNLayMKpSxMUnPqBYT_-g2OvZ9,0,1,1,1,True,PASS
Science,Science/Selected works by Niels Bohr,1,1tBQ-eOt2Yjtc88UK4M6d4kucNuFeUm_1,3,0,3,1,True,PASS
Theosophy,Theosophy,0,1mq1lI8Y5dRKFbMOnaX6jz0ILq-Nyk75I,2,4,6,1,True,PASS
Theosophy,Theosophy/Powell,1,1qf0jW3qPCbIVWpYOCvlvl1X-pGrHRx0a,3,0,3,1,True,PASS
Theosophy,Theosophy/Annie Besant,1,17qihpzKi8cDy724-nAlWabpijtrYOZaD,4,0,4,1,True,PASS
Theosophy,Theosophy/Blavatsky,1,1lzRi2VBsU2DS7X9DOfbDzRt5PcbDq6-N,9,0,9,1,True,PASS
Theosophy,Theosophy/Leadbeater,1,1yvbOMV2itEY3gXeKJuFW22pMO752Q6jg,7,0,7,1,True,PASS
The Fourth Way,The Fourth Way,0,1CanF7c9v57caFhyuBjN6FXZWgm4HPBfi,7,0,7,1,True,PASS
Reference,Reference,0,1xY4M3UraPbJIz2u-Ncdmm6Sn1bPqxlxT,1,0,1,1,True,PASS
Radical Liberations,Radical Liberations,0,1UNfVPlyBZ2u16S_6mqSTjiTpeACJMSR3,5,0,5,1,True,PASS
Sikh,Sikh,0,1Fi_M1fxwA6MVqpFn6zdxSm9fm1howrEd,1,0,1,1,True,PASS
Poison Path,Poison Path,0,1vZfyJmg1mN1dNdWA9Goxk9ei9FSLxYrx,5,0,5,1,True,PASS
Uncategorized,Uncategorized,0,1fvlSQAFQsqRJhPGlUtAvgiRidkcwAWWl,10,0,10,1,True,PASS
Philosophy,Philosophy,0,1flzBkKJ3s63CO4S5iLqADnsACk5yymKW,86,8,94,1,True,PASS
Philosophy,Philosophy/Agrippa - Occult Philosophy,1,1J0BXNpYGOMrTc-Odnh6uSwvMO7KvIv-Q,5,0,5,1,True,PASS
Philosophy,Philosophy/A collection of books and writings by Søren Kierkegaard,1,1hGCngTgGkoMePeLD8mS8gALVcWNbWDc8,7,0,7,1,True,PASS
Philosophy,Philosophy/The Mother – Collected Works Volume 1 – 17,1,1AkWWmkY3_gPnA9G3J1RoxD8aH2icthW3,17,0,17,1,True,PASS
Philosophy,"Philosophy/Commentaries on Living I, II and III by Jiddu Krishnamurti",1,1_-3d9hjlWDoagRmJeqHXy5VhYTIuBJNh,3,0,3,1,True,PASS
Philosophy,Philosophy/A Record of Meetings & A Further Record by Ouspensky,1,1_8wqugAe_exJVXHIoKb7uvN59U20mlKL,2,0,2,1,True,PASS
Philosophy,Philosophy/Selected works by Albert Einstein,1,1sYDZmAHLsZyTDVvKBfhRP_Ucf0Wpjseu,4,0,4,1,True,PASS
Philosophy,Philosophy/Leaves of Morya’s Garden by Master Morya and Helena Roerich,1,1iLM6-Dra-9hmXDr74GtCbhyA9QuKd_WX,2,0,2,1,True,PASS
Philosophy,Philosophy/The Frankfurt School writings – Selected works by Karl Mannheim,1,1rYxVplZQ1D236eaTr0jF14XU-UpPlAs1,3,0,3,1,True,PASS
Occultism,Occultism,0,1wOHBkLBrHVns2R6fuTcQIBbx7hsmzOpV,6,3,9,1,True,PASS
Occultism,Occultism/Occult Philosophy,1,1Uwd3erNfZEyys4Sh3y9u2CslWWJ3tLrW,4,0,4,1,True,PASS
Occultism,Occultism/The Magus – Celestial Intelligencer by Francis Barrett 1801,1,1yXHVhy-Hm4lKQTYARUQtTZTrL138e3uo,2,0,2,1,True,PASS
Occultism,Occultism/Transcendental Magic Its Doctrine and Ritual by Eliphas Levi,1,15RdmlK3rf0dBCEB3jGE36BOmGkQ-UJbl,2,0,2,1,True,PASS
Logic,Logic,0,1H8M4noPSKoR2-PHAkB9IZ-L_EkQKx4XO,11,3,14,1,True,PASS
Logic,Logic/Selected works by Martin Heidegger,1,1v2NtmzdTfQ1TKxUBLDsiT1M33_fccKWq,5,0,5,1,True,PASS
Logic,Logic/Capital – A Critique of Political Economy by Karl Marx ,1,1AJhkeBhnaLpupOIUPQBdubPVnenLetRV,4,0,4,1,True,PASS
Logic,Logic/Selected works by Bertrand Russell,1,13-Ku6SzMGGGnJPnXUfOjolicdkLlkImz,10,0,10,1,True,PASS
Non-duality,Non-duality,0,1RSoDlPvPP0NGuSY85L8RxvdIA0nL5RhG,10,0,10,1,True,PASS
Literature,Literature,0,1zIwuuWu49wrkJ1dV33SizKLAD23B0yV9,31,6,37,1,True,PASS
Literature,Literature/The Poetry Series by Lindsay Traynor,1,15FQNpifLUSJVUTb60ghfSLPOjCASZ1ek,5,0,5,1,True,PASS
Literature,Literature/Six short stories by Kahlil Gibran,1,18FZJEPMsnXIgXUoE1mkmasD8isl4zbHO,6,0,6,1,True,PASS
Literature,Literature/Selected Essays by Lindsay Traynor,1,1t4Pf0nVaXlkA1BNcLAajfMvsIpZtpAsM,3,0,3,1,True,PASS
Literature,Literature/Necronomicon and the complete works of H. P. Lovecraft,1,1yPepC4UN_czIZ6gGNLxvJMsozLe125Ku,5,0,5,1,True,PASS
Literature,Literature/Fjodor Dostojevskij – complete works,1,1WSxiTBIysgERIwjD5kpZHJ77OiLL4hUK,29,0,29,1,True,PASS
Literature,Literature/Complete Works of H. G. Wells,1,1YWcMD1BqkRGHJhw41TgDNBN2vWzVEHVM,50,0,50,1,True,PASS
Gnosticism,Gnosticism,0,1gv0WnEe2H6f5UuUCB4rW0ftxkPrRz7-K,27,0,27,1,True,PASS
Astrology,Astrology,0,10u7SYQn_uHwokAFj9UGOTM62ZQ-VaKQS,26,0,26,1,True,PASS
Judaism,Judaism,0,18poq_Oz35Cpy8JlrHZ-U9YDXsFLsyv1R,2,1,3,1,True,PASS
Judaism,Judaism/The Talmud – Complete,1,1AJMCG-c1pkBYqovrFdhnb2Gb05zacfOH,10,0,10,1,True,PASS
Egyptian Mysteries,Egyptian Mysteries,0,1magauEbA31JIIqwLdhOGm3FxSAOquCKu,17,0,17,1,True,PASS
Hermeticism,Hermeticism,0,1hGApqG515soixzvFi-7ZpYN5hy97nf5g,12,0,12,1,True,PASS
Kabbalah,Kabbalah,0,194SvqEkwFcVtAZlp8fuva--P_QzWGPic,26,0,26,1,True,PASS
Islam,Islam,0,11SrNtbStsVSuAsRMWQJ01v9u9NPJ4rQe,23,1,24,1,True,PASS
Islam,Islam/In The Shade Of The Qur’an – Fi Dhilal Al Qur’an by Sayyid Qutb,1,1CnBcln-BEKtIaPX2JMd5xyzu-8b7ov-Q,15,0,15,1,True,PASS
Law,Law,0,1cSe8_EPXe9LkvxiOpt713qlwXpRJB7Ee,9,1,10,1,True,PASS
Law,Law/Blacks Law Dictionary,1,1_3ZZOTmuEjFnDmrrqN90_rUAR8VI-F4B,4,0,4,1,True,PASS
Hinduism,Hinduism,0,1c3t_RQdTi4jRDNxSLUJMfif57wJz7jG_,96,5,101,1,True,PASS
Hinduism,Hinduism/Complete works of Swami Vivekananda,1,1zb_uwk5uuNtSTjBVJhm7-JauEePi-aws,9,0,9,1,True,PASS
Hinduism,Hinduism/Atharva Veda Samhita,1,1NmL7-5-GiQ-Ibznm_XcVnNHSlsFTT5jk,2,0,2,1,True,PASS
Hinduism,Hinduism/Nisargadatta Maharaj – loads of short texts on non-dualism,1,195DOTvk9Y2xjdwrx3GDT3C8Jb7KLZPb4,25,0,25,1,True,PASS
Hinduism,Hinduism/Supermundane – The Inner Life – Book I-IV,1,1vC_eYqxUp9YkVfVz1m0b26KJYLMcYxBl,1,0,1,1,True,PASS
Hinduism,Hinduism/Sri Aurobindo,1,1StFNpto-Gl4hSXe6gNQTaCdi3mpzvy5T,0,0,0,1,True,PASS
Extraterrestrials,Extraterrestrials,0,1gRyrvHCixwdrxv7t_DDYUZYWZ-nXdApL,11,1,12,1,True,PASS
Extraterrestrials,Extraterrestrials/The Law of One,1,1h7pB5lmmpoEDQqyYHVAFt2AfMWZgbYh5,5,0,5,1,True,PASS
Alchemy,Alchemy,0,1DfX1R-_IFk5LpebTtJZWvXoKaTfHaFBp,35,2,37,1,True,PASS
Alchemy,Alchemy/Jean Dubuis,1,1pZpL3kpTs5qUgcWghFMTRmu8wq474Tqo,3,3,6,1,True,PASS
Alchemy,Alchemy/The Sacred Magic of Abramelin the Mage,1,1f66DvtCpbp0_e2Tg88nsrEDWslQLQlZk,3,0,3,1,True,PASS
Alchemy,Alchemy/Jean Dubuis/Spagyrics,2,1nk14O6XK_tWGRwaNj01Mw-ZwknAVFpGx,2,0,2,1,True,PASS
Alchemy,Alchemy/Jean Dubuis/Qabala,2,1jo9uR5WBZhEo5cLTFUfS2VqoeH2kxnZy,3,0,3,1,True,PASS
Alchemy,Alchemy/Jean Dubuis/Mineral Alchemy,2,1cuIa6vdL-aBoFskw_7J_cjq3-8Hryb3N,5,0,5,1,True,PASS
Dzogchen,Dzogchen,0,14zAc21p5_-Szka2jR4b4xQEddzqEC15I,3,1,4,1,True,PASS
Dzogchen,Dzogchen/Dzogchen Four introductory texts on Dzogchen,1,1f1bSatoy325Lcq3nmHEnaqLQ6EtK5H63,4,0,4,1,True,PASS
Catholocism,Catholocism,0,1cOXTqeVsEtMDXI6ZfZR2EozxMLd6Y3U6,19,3,22,1,True,PASS
Catholocism,Catholocism/The Gospel of Thomas – two different translations,1,18YsXxFfGbPws4QJZb-eYZe2NQSQiFvme,2,0,2,1,True,PASS
Catholocism,Catholocism/Ante-Nicene Fathers – VOL I – IX,1,1zOBMuaG1IOzunpS79c5otfVX9D3hgg8p,9,0,9,1,True,PASS
Catholocism,Catholocism/Nicene and post-Nicene fathers of the Christian church,1,1LsmdKjER7QU8__kScZCeRFyIF3BaSIdE,14,0,14,1,True,PASS
Christianity,Christianity,0,1A99Zpykd2p_GIcgYQ-pzsohV6O_dO7kA,24,5,29,1,True,PASS
Christianity,"Christianity/The Apostolic Fathers – Fathers of the first, second, third and fourth century",1,1EvUbiT33J5IpSMShs74l1apf5ycPGNAc,3,0,3,1,True,PASS
Christianity,Christianity/Christian Critiques,1,13ZK_-Q7RC0_RlaENvZ0DsF05bXV7u2sV,0,0,0,1,True,PASS
Christianity,Christianity/Christian History,1,1tXfJEhKHo-hiPGWwr_lk30L0v_J-P8i-,0,0,0,1,True,PASS
Christianity,Christianity/Fathers of the Desert VOL I+II,1,1cieMTqr2SemeZ7iMflwyOXgj5eN-A7xS,2,0,2,1,True,PASS
Christianity,Christianity/Aquinas Ethicus Volumes I & II,1,1UpRJIyFeJvow0uKNt_SoN7FXARcLJY3c,2,0,2,1,True,PASS
Shamanism,Shamanism,0,13jV_C5HhR2JoalvAatUoL9wIj8TeAvGn,14,1,15,1,True,PASS
Shamanism,Shamanism/Techniques of modern shamanism,1,1fQIDC0JppwJDp2fb7Fcgooh0v4Pbur0N,3,0,3,1,True,PASS
Taoism,Taoism,0,1pnXpdjDqxI35FK7LYYKJPJKNQ_XIjHwU,3,0,3,1,True,PASS
Ancient Religions,Ancient Religions,0,1ybc34p2T4Q81yR4FJWclv3k79-lOwYre,46,13,59,1,True,PASS
Ancient Religions,Ancient Religions/Sacred Texts,1,1_1eRIoqdvxQssmX4giB7zutmQlj97v5V,11,0,11,1,True,PASS
Ancient Religions,Ancient Religions/Enoch,1,1rSuChiirrrXco37udDN0bgZ4c4vGcoOh,7,0,7,1,True,PASS
Ancient Religions,Ancient Religions/Gnosis,1,1KI6_vTeuNGSD4cs8mYrW_v8F4YOPUgYd,6,0,6,1,True,PASS
Ancient Religions,Ancient Religions/The Sacred Books of the East – all 50 volumes,1,17h9aKDQNw-PrSLfa1vTXrynUZ9k1Pass,49,0,49,1,True,PASS
Ancient Religions,Ancient Religions/Techniques of Modern Shamanism,1,1uOqoOgdSlBQTO9eVmVFQXRSMFWTjUc2w,3,0,3,1,True,PASS
Ancient Religions,Ancient Religions/Echoes From the Gnosis – The Gnosis of the Mind – All Volumes,1,1AX4LqJDJvFKV7Z3l0a6cTpIsL3mD0GSr,6,0,6,1,True,PASS
Ancient Religions,Ancient Religions/The Demotic Magical Papyrus of London and Leiden,1,1YosCdHyuQTHD-WgFFReWBBjij-fOJDuK,3,0,3,1,True,PASS
Ancient Religions,Ancient Religions/Mushrooms Russia and History,1,1Y1Rsm1B-gpOoftvPJnDdZqBI3_kITWx4,2,0,2,1,True,PASS
Ancient Religions,Ancient Religions/Mahabharata,1,1rwWIyJYxNbbdhPmlZIKndTNJSHWGgdhr,12,0,12,1,True,PASS
Ancient Religions,Ancient Religions/Tantric Texts Series 1-22 Complete PDF works of Sir John Woodroffe,1,1iyCs8CnSiTRv4ea1l1Jub49Rc6mkJCZB,20,0,20,1,True,PASS
Ancient Religions,Ancient Religions/History of Greek Philosophy VOL I-II,1,1haTlvChnDHlS0hPkN5_3vAhrah-Dmzi2,2,0,2,1,True,PASS
Ancient Religions,Ancient Religions/The Dresden Codex – and how to read it before it is too late,1,1K6FtQYHnB0HE4JyaVxbpOG0dnzsVqj2U,5,0,5,1,True,PASS
Ancient Religions,Ancient Religions/Trishasti Shalaka Purusa Caritr,1,15v4LOHeP0yNlAeQGqsWHNgqzrpvVoJmX,6,0,6,1,True,PASS
Buddhism,Buddhism,0,1zRRev6kDn7I4i23uk5btY6y2RwUBJGvr,357,16,373,1,True,PASS
Buddhism,Buddhism/Modern Buddhism – the Path of Compassion and Wisdom,1,1xZ-Z1S0nYSzg7ftGvVUUuUxs-dDgf_ci,3,0,3,1,True,PASS
Buddhism,Buddhism/Buddhist Suttas A-Z,1,1aSYN2HQz5WEUL-YOcV9wpnnAgCMAnzlZ,15,0,15,1,True,PASS
Buddhism,Buddhism/Rude Awakenings and Great Patient One by Ajahn Sucitto and Nick Scott,1,1uHOZkWQWbplJOZFkSERJM9TA17yTxrKI,2,0,2,1,True,PASS
Buddhism,Buddhism/Teaching From The Vajrasattva Retreat,1,1V9jduIr09VMJSjmfnBf-R33Tr_m1kSJE,4,0,4,1,True,PASS
Buddhism,Buddhism/The Zen of Advaita,1,1aL-CctcU9vcJrd97pEFNWyptPJUiXCC7,2,0,2,1,True,PASS
Buddhism,Buddhism/Bardo Teachings – Zhi-Kro and Ngöndro Practice,1,1H9TEiVLI5Us6r01aAU92vc_7Vo5LnKhE,2,0,2,1,True,PASS
Buddhism,Buddhism/Songs of Milarepa,1,1j3vx9tUr9H3bMxvrvo7DBjkP8rUFJWEb,2,0,2,1,True,PASS
Buddhism,Buddhism/Ramayana,1,1EkGkt7we-mnMOmXiuBl-WJOe7zkgh7KC,4,0,4,1,True,PASS
Buddhism,Buddhism/The Buddhist Monastic Code,1,13K7eQvLdT39aB1KpZsjaQFbSyDsNRkXM,2,0,2,1,True,PASS
Buddhism,Buddhism/The Complete Works of Sister Nivedita VOL I-V,1,1o6VOAvtTcz9TylchObAemJa_FWfveGyb,5,0,5,1,True,PASS
Buddhism,Buddhism/Meditations VOL I-V,1,1UM1iRxoG04JJ2I647hJT6KPhyIPe4V4K,5,0,5,1,True,PASS
Buddhism,Buddhism/Buddhist Legends,1,167o_MJPk1uI3wqqySNI3CrFQRRKtie0j,3,0,3,1,True,PASS
Buddhism,Buddhism/Seeing The Way,1,1wREbMvK6ajHs1abhcdClaZhCgXBTUsaN,2,0,2,1,True,PASS
Buddhism,Buddhism/Handful of Leaves VOL I – IV,1,1zgPn3S265lLSV0rk2atjCTIz235j9tpC,4,0,4,1,True,PASS
Buddhism,Buddhism/Books by Luang Ta Maha Boowa,1,1Je0jMguxsAX0Nys0TbEPii38EU9omy19,8,0,8,1,True,PASS
Buddhism,Buddhism/The Great Chronicle Of Buddhas,1,1ETqBx03tXfbhgSw6YBJh_WmXEcchMjS0,9,0,9,1,True,PASS
Biographies,Biographies,0,1gtWlxilSfKqQkpAmvNN6Wbor4bO1EixW,53,4,57,1,True,PASS
Biographies,Biographies/The Philosophical Works of David Hume VOL I-IV,1,1vUaAL0MHu5XfAWZpZT-aAbUwZ0GUVDy_,4,0,4,1,True,PASS
Biographies,Biographies/The most complete collection of the books by Hermann Hesse,1,1ASEQz9Wla3SuqSY6GM7WMwJEuQo5N48O,8,0,8,1,True,PASS
Biographies,Biographies/The spiritual writings of Wassily Kandinsky,1,1aoo5vu16lWHZipECj5vZUEk30vNtM-AK,5,0,5,1,True,PASS
Biographies,Biographies/The complete works of Friedrich Nietzsche in English as PDF,1,1LHIagXtkhZ2oYFBCMrDC_HQ4rY3q8jYr,18,0,18,1,True,PASS
Bizzare,Bizzare,0,1qFjT3G0QhNXr6yD8ySPObB786B6-ks59,20,2,22,1,True,PASS
Bizzare,Bizzare/Mushrooms Russia and History,1,19twooq7V_vTux7hqY2I-V3kz0Led6dqY,2,0,2,1,True,PASS
Bizzare,Bizzare/Necronomicon and the complete works of H. P. Lovecraft,1,1GheOqAL6JE2lF9aQd0qnfMkaw-CSWNWm,5,0,5,1,True,PASS
PDF,PDF,0,19EQ0UzrihX3JyB9Wj2j1kUDpY_kexJ-M,78,12,90,1,True,PASS
PDF,PDF/Steiner,1,1PXbbVEp2RC9HhohWKxyl-ScuXwK98Np1,9,0,9,1,True,PASS
PDF,PDF/Manly P.Hall,1,1o8yz6GveQI612b02khNCGkkT-G6zK2mh,27,0,27,1,True,PASS
PDF,PDF/Author Avalon,1,1sAHrK5lunmOV73H1dQa5ysbfXMgvyUCA,6,1,7,1,True,PASS
PDF,PDF/Aleister Crowley,1,1x5Nz7WEJZt1-sy8btmb-Xq-T3L8sxnu3,11,0,11,1,True,PASS
PDF,PDF/Alice A. Bailey,1,1cBUIdOwVA0-NShJNi2DtFcijzVlFa2U2,27,0,27,1,True,PASS
PDF,PDF/Daniel A.Schulke,1,1oUrDW0b2y8_WvDo4jRQwkQShUKQRSSd_,2,0,2,1,True,PASS
PDF,PDF/Andrew Chumbley,1,1V8it6BXmhJk9KOfIo2slQE6L26JSKmFK,4,0,4,1,True,PASS
PDF,PDF/Mabel Collins,1,1V3BAIiWAk8p850rwdUHWizHGtpSjyRiM,5,0,5,1,True,PASS
PDF,PDF/F Bardon,1,1Rbcs-ivBEZaoJ_Un0pnux7om6UogJmSp,14,0,14,1,True,PASS
PDF,PDF/Montalk,1,1JNWB3rODIgGSBAXYHiIdB5za0yzxE3-f,6,1,7,1,True,PASS
PDF,PDF/Doyle,1,1CSQdKsNH7NgTz2reGfSz1RcIkA8yc6Lp,5,0,5,1,True,PASS
PDF,PDF/Bookz,1,1KwoJweFXc-zAm7AVUhw1XWTZ3xOOTydv,14,0,14,1,True,PASS
PDF,PDF/Author Avalon/Reference Material,2,11UvaQiyIr8fXb-k8op0vDYweZz_UxGZS,1,0,1,1,True,PASS
PDF,PDF/Montalk/Not Important,2,12bZx4fTQpnbwhQhLM-mKTN7jFHoEwQWT,8,0,8,1,True,PASS
