family_id,canonical_label,legacy_status,reconciled_status,authoritative_disposition,confidence,basis,notes
CANON-0001,Necronomicon + H. P. Lovecraft five-title set,REVIEWED,STAGE_B_ADVANCED,PARALLEL_COLLECTION_MANIFESTATION_SET,HIGH,Stage-B batch 0002 supersedes legacy duplicate-set wording,"Five logical title units; two collection manifestations each; no byte identity claim"
CANON-0002,Mushrooms Russia and History Volumes 1-2,REVIEWED,STAGE_B_ADVANCED,SAME_LOGICAL_WORK_FAMILY,HIGH,Stage-B batch 0002,"Four physical objects -> two logical volumes; preserve manifestations"
CANON-0003,Techniques of Modern Shamanism Volumes 1-3,REVIEWED,STAGE_B_ADVANCED,SAME_LOGICAL_WORK_FAMILY,HIGH,Stage-B batch 0002,"Six physical objects -> three logical volumes; preserve manifestations"
CANON-0004,Forbidden History of Europe Volumes I-XII,REVIEWED,STAGE_B_ADVANCED,EDITION_OR_COPY_VARIANT_SET,HIGH,Stage-B batch 0001,"One twelve-volume work family with alternate manifestations; differing sizes prevent byte-duplicate claim"
CANON-0005,Echoes from the Gnosis six-work subset,REVIEWED,STAGE_B_ADVANCED,PARALLEL_COLLECTION_MANIFESTATION_SET,HIGH,Stage-B batch 0003,"Twelve physical objects -> six logical title/volume units"
CANON-0006,The Sacred Magic of Abramelin the Mage Books 1-3,REVIEWED,STAGE_B_ADVANCED,SAME_LOGICAL_WORK_FAMILY,HIGH,Stage-B batch 0001,"Nine physical objects across three collections; work-family merge only"
CANON-0007,The Law of One Books 1-5,REVIEWED,REVIEWED_RETAINED,WORK_FAMILY,HIGH,Canonicalisation candidate ledger,"Reviewed metadata-level work family; not yet independently reclassified in Stage B"
CANON-0008,Gospel of Thomas,REVIEWED,REVIEWED_RETAINED,TRANSLATION_EDITION_FAMILY,MEDIUM_HIGH,Canonicalisation candidate ledger,"Keep translations/editions distinct beneath one work identity"
CANON-0009,Agrippa Occult Philosophy,CANDIDATE,STAGE_B_ADVANCED,OVERLAPPING_WORK_FAMILY,HIGH,Stage-B batch 0002 supersedes stale candidate status,"Books 1-4 overlap; 1651 compilation retained as aggregate manifestation"
CANON-0010,Ramayana,REVIEWED,UNRESOLVED_PROVENANCE,CROSS_COLLECTION_RELATION_UNRESOLVED,MEDIUM,Stage-B batch 0004 plus historical candidate evidence,"Historical ledger records Hinduism direct PDF and Buddhism four-volume edition; live counterpart provenance remains unresolved; do not erase historical evidence or force collapse"
CANON-0011,Lao-tse Tao Teh King,REVIEWED,REVIEWED_RETAINED,DUPLICATE_WORK,HIGH,Canonicalisation candidate ledger,"Same normalised title across Buddhism and Taoism; byte identity unverified"
CANON-0012,Timothy Leary Psychedelic Prayers,REVIEWED,REVIEWED_RETAINED,DUPLICATE_WORK,HIGH,Canonicalisation candidate ledger,"Same normalised title across Taoism and Shamanism; preserve provenance"
CANON-0013,Ibn Al-Arabi Tarjuman Al-Ashwaq,REVIEWED,REVIEWED_RETAINED,DUPLICATE_WORK,HIGH,Canonicalisation candidate ledger,"One canonical work with two collection manifestations; byte identity unverified"
CANON-0014,Twelve Keys,REVIEWED,REVIEWED_RETAINED,INTRA_OR_CROSS_COLLECTION_DUPLICATE_COPY_CANDIDATE,HIGH,Canonicalisation candidate ledger title+size evidence,"Equal 70312-byte sizes are strong evidence but not hash proof"
CANON-0015,Alchemy Ancient and Modern,REVIEWED,REVIEWED_RETAINED,INTRA_COLLECTION_DUPLICATE_COPY_CANDIDATE,HIGH,Canonicalisation candidate ledger title+size evidence,"Equal 368640-byte sizes are strong evidence but not hash proof"
CANON-0016,Discipleship in the New Age Vol 1,REVIEWED,STAGE_B_ADVANCED,INTRA_COLLECTION_DUPLICATE_COPY_CANDIDATE,HIGH,Stage-B batch 0003,"Paired with CANON-0017 under the Stage-B Discipleship family; equal 6321419-byte sizes but no hash claim"
CANON-0017,Discipleship in the New Age Vol 2,REVIEWED,STAGE_B_ADVANCED,INTRA_COLLECTION_DUPLICATE_COPY_CANDIDATE,HIGH,Stage-B batch 0003,"Paired with CANON-0016 under the Stage-B Discipleship family; equal 5905957-byte sizes but no hash claim"
CANON-0018,Charles W. Leadbeater The Hidden Life in Freemasonry,REVIEWED,REVIEWED_RETAINED,DUPLICATE_WORK,HIGH,Canonicalisation candidate ledger,"Likely same edition but preserve copy provenance until hash comparison"
CANON-0019,John Yarker The Arcane Schools,REVIEWED,REVIEWED_RETAINED,DUPLICATE_COPY_CANDIDATE,HIGH,Canonicalisation candidate ledger title+size evidence,"Equal 3217739-byte sizes; byte identity unverified"
CANON-0020,Albert Pike Morals and Dogma,REVIEWED,REVIEWED_RETAINED,WORK_FAMILY,MEDIUM_HIGH,Canonicalisation candidate ledger,"Same author/work after normalisation; copy identity not asserted"
CANON-0021,Egyptian Ideas of the Future Life,REVIEWED,REVIEWED_RETAINED,DUPLICATE_COPY_CANDIDATE,HIGH,Canonicalisation candidate ledger title+size evidence,"Equal 159086-byte sizes; byte identity unverified"
CANON-0022,The Book of Am-Tuat,REVIEWED,REVIEWED_RETAINED,DUPLICATE_COPY_CANDIDATE,HIGH,Canonicalisation candidate ledger title+size evidence,"Equal 202818-byte sizes; byte identity unverified"
CANON-0023,The Art Planet Chronicles - The Making of the Fifth Ring,REVIEWED,REVIEWED_RETAINED,DUPLICATE_WORK,HIGH,Canonicalisation candidate ledger,"Same title across Fiction and The Law of Time; preserve thematic provenance"
CANON-0024,The Sutra of Recollecting the Three Jewels,REVIEWED,REVIEWED_RETAINED,DUPLICATE_WORK,HIGH,Canonicalisation candidate ledger,"Same normalised title across Buddhism and Dzogchen; preserve collection paths"
CANON-0025,Vimalakirti Nirdesa Sutra,CANDIDATE,REVIEW_REQUIRED,DUPLICATE_OR_VARIANT_COPY,MEDIUM_HIGH,Canonicalisation candidate ledger,"Filename normalisation alone is insufficient; compare size and preferably hashes before duplicate classification"
CANON-0026,Aleister Crowley Eight Lectures on Yoga,REVIEWED,REVIEWED_RETAINED,EDITION_OR_COPY_FAMILY,MEDIUM_HIGH,Canonicalisation candidate ledger,"Preserve edition/copy objects and dual collection provenance"
CANON-0027,Aldous Huxley The Doors of Perception,REVIEWED,REVIEWED_RETAINED,DUPLICATE_WORK,HIGH,Canonicalisation candidate ledger,"Same author/title across Literature and Shamanism; preserve both Drive objects"
CANON-0028,Rudolf Steiner Knowledge of the Higher Worlds,REVIEWED,REVIEWED_RETAINED,EDITION_OR_COPY_FAMILY,MEDIUM_HIGH,Canonicalisation candidate ledger,"Retain manifestations pending edition/hash comparison"
CANON-0029,Kahlil Gibran The Forerunner,REVIEWED,REVIEWED_RETAINED,EDITION_OR_COPY_FAMILY,MEDIUM_HIGH,Canonicalisation candidate ledger,"Distinct filenames suggest packaging/edition variation; preserve both manifestations"
