batch_id,collection_path,drive_id,documents_screened,screening_stage,scope,screening_disposition,notes
SCREEN-0001,Buddhism,1zRRev6kDn7I4i23uk5btY6y2RwUBJGvr,100,TITLE_SIZE_METADATA_PASS,root direct documents,SCREENED_OR_REVIEW_REQUIRED,"Complete provider page; zero-byte Teachings from Tibet already known as technical exclusion"
SCREEN-0002,Hinduism,1c3t_RQdTi4jRDNxSLUJMfif57wJz7jG_,96,TITLE_SIZE_METADATA_PASS,root direct documents,SCREENED_OR_REVIEW_REQUIRED,"Complete provider page; known Ramayana and cross-collection candidates retained for deeper reconciliation"
SCREEN-0003,Metaphysics,12ltBOhZW8OUr7a8sYXWShFdetX1yS9JW,100,TITLE_SIZE_METADATA_PASS,root direct documents,SCREENED_OR_REVIEW_REQUIRED,"Complete provider page; metadata-only screening"
SCREEN-0004,Philosophy,1flzBkKJ3s63CO4S5iLqADnsACk5yymKW,86,TITLE_SIZE_METADATA_PASS,root direct documents,SCREENED_OR_REVIEW_REQUIRED,"Complete provider page; recurring Krishnamurti/Gurdjieff/Ouspensky families flagged for later cross-root comparison"
SCREEN-0005,PDF,19EQ0UzrihX3JyB9Wj2j1kUDpY_kexJ-M,78,TITLE_SIZE_METADATA_PASS,root direct documents,SCREENED_OR_REVIEW_REQUIRED,"Complete provider page; author subfolders remain separate descendant batches"
SCREEN-0006,Literature,1zIwuuWu49wrkJ1dV33SizKLAD23B0yV9,31,TITLE_SIZE_METADATA_PASS,root direct documents,SCREENED_OR_REVIEW_REQUIRED,"Complete provider page; known Steiner, Huxley and Gibran cross-collection candidates retained"
SCREEN-0007,Ancient Religions,1ybc34p2T4Q81yR4FJWclv3k79-lOwYre,46,TITLE_SIZE_METADATA_PASS,root direct documents,SCREENED_OR_REVIEW_REQUIRED,"Complete provider page; several cross-domain titles visible including Egyptian, Gurdjieff and Enoch material"
SCREEN-0008,Religion,12yVgzixP8GdmWvul9_5VgUSQdMHPEdw4,26,TITLE_SIZE_METADATA_PASS,root direct documents,SCREENED_OR_REVIEW_REQUIRED,"Complete provider page; Egyptian Ideas of the Future Life duplicate-copy family retained"
SCREEN-0009,Secret Societies,1jXTok0MchLd_yKx2_-qdoQP_aNPwnoli,26,TITLE_SIZE_METADATA_PASS,root direct documents,SCREENED_OR_REVIEW_REQUIRED,"Complete provider page; Arcane Schools, Morals and Dogma and other duplicate/work families retained"
SCREEN-0010,Gnosticism,1gv0WnEe2H6f5UuUCB4rW0ftxkPrRz7-K,27,TITLE_SIZE_METADATA_PASS,root direct documents,SCREENED_OR_REVIEW_REQUIRED,"Complete provider page; metadata-only screening"
SCREEN-0011,Astrology,10u7SYQn_uHwokAFj9UGOTM62ZQ-VaKQS,26,TITLE_SIZE_METADATA_PASS,root direct documents,SCREENED_OR_REVIEW_REQUIRED,"Complete provider page; exact duplicate Astrology (Zodiac Personalities) objects observed"
SCREEN-0012,Kabbalah,194SvqEkwFcVtAZlp8fuva--P_QzWGPic,26,TITLE_SIZE_METADATA_PASS,root direct documents,SCREENED_OR_REVIEW_REQUIRED,"Complete provider page; Tree of Life copy-suffix candidate retained"
SCREEN-0013,Christianity,1A99Zpykd2p_GIcgYQ-pzsohV6O_dO7kA,24,TITLE_SIZE_METADATA_PASS,root direct documents,SCREENED_OR_REVIEW_REQUIRED,"Complete provider page; Augustine and other cross-collection work candidates visible"
SCREEN-0014,Islam,11SrNtbStsVSuAsRMWQJ01v9u9NPJ4rQe,23,TITLE_SIZE_METADATA_PASS,root direct documents,SCREENED_OR_REVIEW_REQUIRED,"Complete provider page; Masnavi same-size variant and Ibn al-Arabi family retained"
SCREEN-0015,Alchemy,1DfX1R-_IFk5LpebTtJZWvXoKaTfHaFBp,35,TITLE_SIZE_METADATA_PASS,root direct documents,SCREENED_OR_REVIEW_REQUIRED,"Complete provider page; Alchemy Ancient and Modern and Twelve Keys duplicate-copy candidates confirmed"
SCREEN-0016,Psychology,1GT1T94q9xG1oM588uj6lIs3we3GECHTG,35,TITLE_SIZE_METADATA_PASS,root direct documents,SCREENED_OR_REVIEW_REQUIRED,"Complete provider page; consciousness/cognitive-science corpus screened at metadata level"
SCREEN-0017,Magick,1HhNiCO66FtPVSUsk37nbZcCz82t482tw,53,TITLE_SIZE_METADATA_PASS,root direct documents,SCREENED_OR_REVIEW_REQUIRED,"Complete provider page; zero-byte Bottomley Nine Proven Magical Rites reconfirmed as technical exclusion"
SCREEN-0018,World History,1vPrb2R0-3VL7fZX4XwZnfxHAFOpCzYIQ,19,TITLE_SIZE_METADATA_PASS,root direct documents,SCREENED_OR_REVIEW_REQUIRED,"Complete provider page; historical/religious cross-domain works retained for canonical matching"
SCREEN-0019,Masonry,1zxUqa1_3XqF1U06_7FOnz_smIwSb3Naf,18,TITLE_SIZE_METADATA_PASS,root direct documents,SCREENED_OR_REVIEW_REQUIRED,"Complete provider page; Arcane Schools and Leadbeater Freemasonry cross-collection families reconfirmed"
