akashic_id,drive_id,title,mime_type,collection_path,privacy_status,evidence_state,ingestion_status,source_visibility_status,notes
GDRIVE-0045,1Ny4koC2eMdxTRsLU3rUyM1nuFTnEb4nO,Hine_modern_shamanism1.pdf,application/pdf,Shamanism,UNKNOWN,UNCERTAIN,METADATA_ONLY,access_not_verified,Published/library material; verify public status before extraction
GDRIVE-0046,1Iy-q-Izn_KAockEnES0e7F6VvpKxI6jt,Hine_modern_shamanism2.pdf,application/pdf,Shamanism,UNKNOWN,UNCERTAIN,METADATA_ONLY,access_not_verified,Published/library material; verify public status before extraction
GDRIVE-0047,13rmSMWi7bmkJhZWvpEnMlTBcl2LodM8o,Hine_modern_shamanism3.pdf,application/pdf,Shamanism,UNKNOWN,UNCERTAIN,METADATA_ONLY,access_not_verified,Published/library material; verify public status before extraction
GDRIVE-0048,1fQIDC0JppwJDp2fb7Fcgooh0v4Pbur0N,Techniques of modern shamanism,application/vnd.google-apps.folder,Shamanism,UNKNOWN,UNCERTAIN,METADATA_ONLY,access_not_verified,Folder; inspect metadata children only until privacy verified
GDRIVE-0049,1_5406lkD_yKDd2pKGHjMmfIuEzkYHTnd,Psychedelic-information-theory-Shamanism-in-the-age-of-Reason.pdf,application/pdf,Shamanism,UNKNOWN,UNCERTAIN,METADATA_ONLY,access_not_verified,Conceptual source; claims require independent evidence assessment
GDRIVE-0050,1GB9Mlr-33oIwbY-voMXgFmIYOckZT9Z4,Timothy-Leary-Psychedelic-Prayers.pdf,application/pdf,Shamanism,UNKNOWN,UNCERTAIN,METADATA_ONLY,access_not_verified,Historical/cultural source
GDRIVE-0051,1uBNge_oPhew-kJurL2_90eTOGk8CwCtN,The-Doors-Of-Perception-Aldous-Huxley.pdf,application/pdf,Shamanism,UNKNOWN,OBSERVED,METADATA_ONLY,access_not_verified,Literary/experiential source; not empirical evidence
GDRIVE-0052,1A-dt5gX8Z2oB37O19hqPb4D8Wsgto6Kh,Pharmako-Poeia-The-Salvia-Divinorum-chapter-by-Dale-Pendell.pdf,application/pdf,Shamanism,UNKNOWN,UNCERTAIN,METADATA_ONLY,access_not_verified,Ethnobotanical/cultural source; verify claims independently
GDRIVE-0053,1LiEp_BHm94Z2pMrXpIJ9PMnmzGCSidXc,psychedelic_shamanism.pdf,application/pdf,Shamanism,UNKNOWN,UNCERTAIN,METADATA_ONLY,access_not_verified,Historical/conceptual source
GDRIVE-0054,1IGJXkXl8HEAuFUjwU9ln6DTe0pHLJNEJ,joyous_cosmology.pdf,application/pdf,Shamanism,UNKNOWN,OBSERVED,METADATA_ONLY,access_not_verified,Experiential/philosophical source
GDRIVE-0055,17CjqWZZiDkgaUQZ97KmPCrHkBqlVFAS7,The-Secret-Science-Behind-Miracles.pdf,application/pdf,Shamanism,UNKNOWN,HYPOTHESISED,METADATA_ONLY,access_not_verified,Extraordinary claims; title does not imply scientific evidence
GDRIVE-0056,1OpY2kB3g7ANNLfgWfFD22Qo9Yq2DPqWl,Food-Of-The-Gods-Terence-Mckenna.pdf,application/pdf,Shamanism,UNKNOWN,UNCERTAIN,METADATA_ONLY,access_not_verified,Cultural/historical/conceptual source
GDRIVE-0057,1SMQ-tCYblC2goG6DhBfQmoaRXjVwltSQ,Hallucinogenic-Plants-A-Golden-Guide.pdf,application/pdf,Shamanism,UNKNOWN,UNCERTAIN,METADATA_ONLY,access_not_verified,Reference source; safety and scientific claims require authoritative corroboration
GDRIVE-0058,1UAjP_D47OBadoNSWxPvFP4scI_NfIZCl,The-Hasheesh-Eater.pdf,application/pdf,Shamanism,UNKNOWN,OBSERVED,METADATA_ONLY,access_not_verified,Historical experiential literature
GDRIVE-0059,1rZsYbUGuWumZkha2btf2ijtE3Ie-TSny,Magic-Mushrooms-around-the-world.pdf,application/pdf,Shamanism,UNKNOWN,UNCERTAIN,METADATA_ONLY,access_not_verified,Ethnomycology/reference source; no sourcing facilitation
GDRIVE-0060,1CnBcln-BEKtIaPX2JMd5xyzu-8b7ov-Q,In The Shade Of The Qur’an – Fi Dhilal Al Qur’an by Sayyid Qutb,application/vnd.google-apps.folder,Islam,UNKNOWN,UNCERTAIN,METADATA_ONLY,access_not_verified,Religious/commentary collection
GDRIVE-0061,1JY0JgB5IKm3Tm6k0V2ntOQwaCMr5wohL,The Holy Koran of the Moorish Temple of America - The Circle Seven.pdf,application/pdf,Islam,UNKNOWN,UNCERTAIN,METADATA_ONLY,access_not_verified,Religious/historical source; preserve provenance
GDRIVE-0062,1vSFD2KuyZuBlyOiCRuGx6b-dN32GSspK,Fihi Ma Fihi.pdf,application/pdf,Islam,UNKNOWN,UNCERTAIN,METADATA_ONLY,access_not_verified,Sufi literary/philosophical source
GDRIVE-0063,16bB6GPZNIwypJEsGl2RohR5VSJPKSEum,Masnavi.pdf,application/pdf,Islam,UNKNOWN,UNCERTAIN,METADATA_ONLY,access_not_verified,Sufi literary/philosophical source; duplicate-family candidate
GDRIVE-0064,1QQVlKTbsORKcxYx87h3cbKSTDpYPhZoi,english-quranalhilali-khan.pdf,application/pdf,Islam,UNKNOWN,UNCERTAIN,METADATA_ONLY,access_not_verified,Qur'an translation/commentary; edition provenance required
GDRIVE-0065,1F2ojP_B3aGDrvPnx65dxmw-GEq6kn5oC,Ever-Thought-About-The-Truth.pdf,application/pdf,Islam,UNKNOWN,UNCERTAIN,METADATA_ONLY,access_not_verified,Religious/apologetic source
GDRIVE-0066,1kT_iV0u8X3Q5aLh6hCVC5dRcI9TyJ5xT,Divine-Justice-or-The-problem-of-Evil.pdf,application/pdf,Islam,UNKNOWN,UNCERTAIN,METADATA_ONLY,access_not_verified,Theological/philosophical source
GDRIVE-0067,1yF0jkSte2XSa9h02b1RLYfTvaXzwoQt5,Ibn-Al-Arabi-Tarjuman-Al-Ashwaq.pdf,application/pdf,Islam,UNKNOWN,UNCERTAIN,METADATA_ONLY,access_not_verified,Sufi literary/mystical source
GDRIVE-0068,1Fy7QdyX5iQw4yetjIGMyHDwibZ4-an9V,The-Persian-Mystics-Jalaluddin-Rumi.pdf,application/pdf,Islam,UNKNOWN,UNCERTAIN,METADATA_ONLY,access_not_verified,Sufi historical/literary source
GDRIVE-0069,1v_V6SFAFH2o3PsupP8M6EcIyrU-Rj0B2,The-Tawasin-of-Mansur-Al-Hallaj.pdf,application/pdf,Islam,UNKNOWN,UNCERTAIN,METADATA_ONLY,access_not_verified,Sufi mystical source
GDRIVE-0070,1NoUMLcm1zQuRSipktNpMEgC2fVWNcJ7-,Al-Kafi.pdf,application/pdf,Islam,UNKNOWN,UNCERTAIN,METADATA_ONLY,access_not_verified,Religious source; edition/provenance required
GDRIVE-0071,1teSMamPHg2hI4e_B_Nk9vgQltfYS2FFc,Masnavi-I-Manavi-Teachings-of-Rumi.pdf,application/pdf,Islam,UNKNOWN,UNCERTAIN,METADATA_ONLY,access_not_verified,Sufi source; duplicate-family candidate
GDRIVE-0072,1cbxMJfOmBxgKoS-uZhdwAwRlhqWDODav,The-Whirling-Ecstacy.pdf,application/pdf,Islam,UNKNOWN,UNCERTAIN,METADATA_ONLY,access_not_verified,Sufi cultural source
GDRIVE-0073,1IiJCsqUc4bQdN_kp81pL-qkrl-CEppc0,Muslim-Saints-and-Mystics.pdf,application/pdf,Islam,UNKNOWN,UNCERTAIN,METADATA_ONLY,access_not_verified,Hagiographic/historical source
GDRIVE-0074,15iqO1BtKZkVSFI0eQ3Jzmn2gXnqXbbMM,quran-in-modern-english.pdf,application/pdf,Islam,UNKNOWN,UNCERTAIN,METADATA_ONLY,access_not_verified,Qur'an translation; edition provenance required
GDRIVE-0075,1U_Sj7IGU1kV7uNmCsdhvs_Rac037G5s9,Sufis-of-Sindh.pdf,application/pdf,Islam,UNKNOWN,UNCERTAIN,METADATA_ONLY,access_not_verified,Historical/cultural source
GDRIVE-0076,18LMXBj80O8HQpsgs2pruyZpw9OJGYDLK,Milestones.pdf,application/pdf,Islam,UNKNOWN,UNCERTAIN,METADATA_ONLY,access_not_verified,Political/religious text; contextualise historically
GDRIVE-0077,1BuG-ysXjRi-z0Abc_YmGLey3oS69JA5E,Realism.pdf,application/pdf,Islam,UNKNOWN,UNCERTAIN,METADATA_ONLY,access_not_verified,Philosophical/theological source
GDRIVE-0078,1_SSRdIqykdNBEl6laFQdX8lQ0LSLUgMW,The-Conference-of-the-Birds.pdf,application/pdf,Islam,UNKNOWN,UNCERTAIN,METADATA_ONLY,access_not_verified,Sufi literary source
GDRIVE-0079,1e-UME8JZxYKFPmbYh8fr2cy8Ck0zLxZO,The-Complete-Hadith.pdf,application/pdf,Islam,UNKNOWN,UNCERTAIN,METADATA_ONLY,access_not_verified,Religious compilation; edition/authenticity provenance required
GDRIVE-0080,1rwaTyA2SVBof1lY2c0UnlDeoHtBaGrod,The-Sufism-of-the-Rubaiyat.pdf,application/pdf,Islam,UNKNOWN,UNCERTAIN,METADATA_ONLY,access_not_verified,Sufi interpretive source
GDRIVE-0081,1hmdluOH0g15IX2O8fj5nmLdp49PWrfYF,The-Three-Stages-of-the-Self-in-the-Quran-1.pdf,application/pdf,Islam,UNKNOWN,UNCERTAIN,METADATA_ONLY,access_not_verified,Religious/psychological interpretation
GDRIVE-0082,1wJ2UKUqw2WV5oWnKt2f77WjJDoStQfKg,The-Singing-Caravan-A-Sufi-Tale.pdf,application/pdf,Islam,UNKNOWN,UNCERTAIN,METADATA_ONLY,access_not_verified,Sufi literary source
GDRIVE-0083,1SSPIXRyPKK3f-NW9UmBDiYSLWbIwWu2e,The-Secrets-of-the-Self.pdf,application/pdf,Islam,UNKNOWN,UNCERTAIN,METADATA_ONLY,access_not_verified,Philosophical/literary source
GDRIVE-0084,1AJMCG-c1pkBYqovrFdhnb2Gb05zacfOH,The Talmud – Complete,application/vnd.google-apps.folder,Judaism,UNKNOWN,UNCERTAIN,METADATA_ONLY,access_not_verified,Religious collection; inspect metadata children only until privacy verified
GDRIVE-0085,1FKQG_7stXL_9vbIfuEZD1rzooINKliUH,Kabbalah-Meditation-from-Torah-to-selfimprovement.pdf,application/pdf,Judaism,UNKNOWN,UNCERTAIN,METADATA_ONLY,access_not_verified,Religious/mystical source
GDRIVE-0086,10HnHAsRgaqBdwk8gZ11nqlzRJAj7pAuZ,Babylonian-Talmud.pdf,application/pdf,Judaism,UNKNOWN,UNCERTAIN,METADATA_ONLY,access_not_verified,Religious source; edition provenance required
GDRIVE-0087,1UpRJIyFeJvow0uKNt_SoN7FXARcLJY3c,Aquinas Ethicus Volumes I & II,application/vnd.google-apps.folder,Christianity,UNKNOWN,UNCERTAIN,METADATA_ONLY,access_not_verified,Theological collection
GDRIVE-0088,13ZK_-Q7RC0_RlaENvZ0DsF05bXV7u2s,Christian Critiques,application/vnd.google-apps.folder,Christianity,UNKNOWN,UNCERTAIN,METADATA_ONLY,access_not_verified,Criticism/apologetics collection
GDRIVE-0089,1tXfJEhKHo-hiPGWwr_lk30L0v_J-P8i-,Christian History,application/vnd.google-apps.folder,Christianity,UNKNOWN,UNCERTAIN,METADATA_ONLY,access_not_verified,Historical collection
GDRIVE-0090,1cieMTqr2SemeZ7iMflwyOXgj5eN-A7xS,Fathers of the Desert VOL I+II,application/vnd.google-apps.folder,Christianity,UNKNOWN,UNCERTAIN,METADATA_ONLY,access_not_verified,Early Christian/mystical collection
GDRIVE-0091,1EvUbiT33J5IpSMShs74l1apf5ycPGNAc,The Apostolic Fathers – Fathers of the first second third and fourth century,application/vnd.google-apps.folder,Christianity,UNKNOWN,UNCERTAIN,METADATA_ONLY,access_not_verified,Early Christian historical collection
GDRIVE-0092,1UwmndN09-QlQ4w_y9gUrX5_dc6sT85Jd,Introductory-Concepts-of-Kabbalah.pdf,application/pdf,Christianity,UNKNOWN,UNCERTAIN,METADATA_ONLY,access_not_verified,Cross-category mystical source; folder does not determine tradition
GDRIVE-0093,1KCoE1DwJQ10VzpPvNxxKuMy4KfTZX6uO,Songs-of-Kabir-by-Tagore.pdf,application/pdf,Christianity,UNKNOWN,UNCERTAIN,METADATA_ONLY,access_not_verified,Cross-category literary/mystical source
GDRIVE-0094,1Y8bTA4w2oZvRtQkS8jcnwrekSPCOQTDF,The-Life-and-Times-of-Jesus-the-Messiah.pdf,application/pdf,Christianity,UNKNOWN,UNCERTAIN,METADATA_ONLY,access_not_verified,Historical/theological source
GDRIVE-0095,1x8iULh7ZrZEU4kRYNPWSqE7CdeBkv9c-,Provocations.pdf,application/pdf,Christianity,UNKNOWN,UNCERTAIN,METADATA_ONLY,access_not_verified,Philosophical/theological source
GDRIVE-0096,1csKHALM1mbA3ie08udxv2Fq13XAgkX5P,Augustins-City-of-God-and-On-Christian-Doctrine.pdf,application/pdf,Christianity,UNKNOWN,UNCERTAIN,METADATA_ONLY,access_not_verified,Historical theological source
GDRIVE-0097,14g3Cdo0lPPa0i4rs2Etukh435XbkrrLq,Madame-Guyon-Autobiography.pdf,application/pdf,Christianity,UNKNOWN,OBSERVED,METADATA_ONLY,access_not_verified,Mystical autobiography
GDRIVE-0098,15mHTG3bmeOFU-Jk1H6XJWGWs01SO4RN5,Thomas-Aquinas-Nature-and-Grace.pdf,application/pdf,Christianity,UNKNOWN,UNCERTAIN,METADATA_ONLY,access_not_verified,Historical theological source
GDRIVE-0099,1oLbjdrj7iTxrDgGcVtXxrWW8QLhv_2B-,St-Paul-the-Traveler-Roman-Citizen.pdf,application/pdf,Christianity,UNKNOWN,UNCERTAIN,METADATA_ONLY,access_not_verified,Historical/religious source
GDRIVE-0100,1ZS2SumNlTcFwG1OfyXZxTuHflEq8GaJ9,Martin-Luther-Table-Talk.pdf,application/pdf,Christianity,UNKNOWN,UNCERTAIN,METADATA_ONLY,access_not_verified,Historical theological source
GDRIVE-0101,11Ck4T4kz0fDVQqv44aXF2Mz3vQClh9Vs,The-Holy-War-by-John-Bunyan.pdf,application/pdf,Christianity,UNKNOWN,UNCERTAIN,METADATA_ONLY,access_not_verified,Religious literary source
GDRIVE-0102,1it86XqfBTATL8OpgACL3nPlAGvJup8ia,Church-History-Life-of-Constantine-Oration-in-Praise-of-Constantine-by-Eusebius-Pamphilius.pdf,application/pdf,Christianity,UNKNOWN,UNCERTAIN,METADATA_ONLY,access_not_verified,Early Christian historical source
GDRIVE-0103,1dfPe7Lxd5IMT_5UGupwFSatYQtJ1FYI-,Dark-Night-of-the-Soul-Saint-John.pdf,application/pdf,Christianity,UNKNOWN,UNCERTAIN,METADATA_ONLY,access_not_verified,Christian mystical source
GDRIVE-0104,11-2XYHwITzWXIFp9VQwBYKiKw6xQshUo,Evelyn-Underhill-Practical-Mysticism.pdf,application/pdf,Christianity,UNKNOWN,UNCERTAIN,METADATA_ONLY,access_not_verified,Mysticism/philosophy source
GDRIVE-0105,1kzHSLtDBCpG8JMbPERCILCdMvQBWI45I,Lessons-in-Religion-for-a-Skeptical-World.pdf,application/pdf,Christianity,UNKNOWN,UNCERTAIN,METADATA_ONLY,access_not_verified,Religious/philosophical source
GDRIVE-0106,1tL4RYadIpAtOS9kqRebR2b-Pv5q8DCkl,The-Da-Vinci-Myth-Vs-The-Gospel-Truth.pdf,application/pdf,Christianity,UNKNOWN,UNCERTAIN,METADATA_ONLY,access_not_verified,Apologetic/critical source
GDRIVE-0107,1DFTsdF4hiV_oz_5Lb9A-TVkF2CgpGzNR,The-Doctrine-of-the-Subtle-Body-by-GRS-Mead.pdf,application/pdf,Christianity,UNKNOWN,UNCERTAIN,METADATA_ONLY,access_not_verified,Cross-category esoteric source
GDRIVE-0108,19BhBb5Gz7fUKJFbLoYQPkQZ8gMr1tnem,Christ-Legends-by-Selma-Lagerlöf.pdf,application/pdf,Christianity,UNKNOWN,UNCERTAIN,METADATA_ONLY,access_not_verified,Literary/religious source
GDRIVE-0109,1EkxRS_SEm8X_CTyWKx1IlBbCusomTDMU,The-Miracles-of-Antichrist.pdf,application/pdf,Christianity,UNKNOWN,UNCERTAIN,METADATA_ONLY,access_not_verified,Literary/religious source
GDRIVE-0110,1eUEbFGYLqKITMjHI9ND5GPzGXeNeoZFQ,A-Course-in-Miracles.pdf,application/pdf,Christianity,UNKNOWN,HYPOTHESISED,METADATA_ONLY,access_not_verified,Modern spiritual text; metaphysical claims not empirical evidence
GDRIVE-0111,1jFzGS76eqBsJwcCrBvuiRXyRAc6P2hcU,The-Secret-Flower-and-Other-Stories.pdf,application/pdf,Christianity,UNKNOWN,UNCERTAIN,METADATA_ONLY,access_not_verified,Literary source
GDRIVE-0112,1QIh458apsGhh2uiS1GtOfX72CPTJlrPf,The-Haran-Gawaita-and-the-Baptism-of-Hibil-Ziwa.pdf,application/pdf,Christianity,UNKNOWN,UNCERTAIN,METADATA_ONLY,access_not_verified,Cross-category religious source; provenance required
GDRIVE-0113,1inaV8uCTBdfZuKTaZAWIqLs2EigWW6Mo,Philokalia.pdf,application/pdf,Christianity,UNKNOWN,UNCERTAIN,METADATA_ONLY,access_not_verified,Christian contemplative source
GDRIVE-0114,1i6QRuoc2Rv07O-BPceQarrIZ9jszbTwE,The-New-Being-by-Paul-Tillich.pdf,application/pdf,Christianity,UNKNOWN,UNCERTAIN,METADATA_ONLY,access_not_verified,Theological/philosophical source
GDRIVE-0115,1BlY9F_zX0ajZY11CUJYiK9DOt1OLW-49,The-Creation-of-God.pdf,application/pdf,Christianity,UNKNOWN,UNCERTAIN,METADATA_ONLY,access_not_verified,Theological/philosophical source
