evidence_record_id,source_record,subject,relationship_class,confidence,byte_identity_status,promotion_status,canonical_work_id,edition_id,decision_basis,guardrail
EVID-0601-001,stage-b-batch-0001,Abramelin,SAME_LOGICAL_WORK_FAMILY,HIGH,NOT_VERIFIED,HOLD,,,Stage-B family adjudication,Work-family relation does not establish byte identity
EVID-0601-002,stage-b-batch-0001,Forbidden History of Europe,EDITION_OR_COPY_VARIANT_SET,HIGH,NOT_VERIFIED,HOLD,,,Stage-B edition/copy adjudication,Preserve volume and edition distinctions
EVID-0601-003,stage-b-batch-0002,Mushrooms Russia and History,SAME_LOGICAL_WORK_FAMILY,HIGH,NOT_VERIFIED,HOLD,,,Stage-B family adjudication,Work-family relation does not establish byte identity
EVID-0601-004,stage-b-batch-0002,Techniques of Modern Shamanism,SAME_LOGICAL_WORK_FAMILY,HIGH,NOT_VERIFIED,HOLD,,,Stage-B family adjudication,Work-family relation does not establish byte identity
EVID-0601-005,stage-b-batch-0002,Necronomicon / H. P. Lovecraft parallel collections,PARALLEL_COLLECTION_MANIFESTATION_SET,HIGH,NOT_VERIFIED,HOLD,,,Stage-B provenance adjudication,Parallel collection placement is provenance not identity
EVID-0601-006,stage-b-batch-0002,Agrippa Occult Philosophy,OVERLAPPING_WORK_FAMILY,MEDIUM,NOT_VERIFIED,HOLD,,,Stage-B overlap adjudication,Overlap does not justify canonical collapse
EVID-0601-007,stage-b-batch-0003,Echoes From the Gnosis,PARALLEL_COLLECTION_MANIFESTATION_SET,HIGH,NOT_VERIFIED,HOLD,,,Stage-B provenance adjudication,Parallel collection placement is provenance not identity
EVID-0601-008,stage-b-batch-0003,Discipleship in the New Age,INTRA_COLLECTION_DUPLICATE_COPY_CANDIDATES,HIGH,PARTIALLY_VERIFIED,PARTIAL,,,Stage-B plus SHA-256 evidence,Only explicitly hashed pairs may be promoted as duplicate copies
EVID-0601-009,stage-b-batch-0003,Franz Bardon / Initiation Into Hermetics,EDITION_OR_COPY_VARIANT_SET,HIGH,NOT_VERIFIED,HOLD,,,Stage-B edition/copy adjudication,Do not collapse editions without stronger evidence
EVID-0601-010,stage-b-batch-0003,Franz Bardon / Golden Book of Wisdom,INTRA_COLLECTION_DUPLICATE_COPY_CANDIDATE,HIGH,BYTE_IDENTICAL_VERIFIED,ACCEPT_DUPLICATE_COPY,,,Stage-B plus HASH-0003,Matching SHA-256 supports duplicate-copy relation for verified pair only
EVID-0601-011,stage-b-batch-0003,Franz Bardon / Practice of Magical Evocation,EDITION_OR_COPY_VARIANT_SET,HIGH,NOT_VERIFIED,HOLD,,,Stage-B edition/copy adjudication,Do not collapse editions without stronger evidence
EVID-0601-012,stage-b-batch-0003,Franz Bardon / Key to the True Qabbalah,EDITION_OR_COPY_VARIANT_SET,HIGH,NOT_VERIFIED,HOLD,,,Stage-B edition/copy adjudication,Do not collapse editions without stronger evidence
EVID-0601-013,stage-b-batch-0004,Ramayana,CROSS_COLLECTION_RELATION_UNRESOLVED,MEDIUM,NOT_VERIFIED,HOLD,,,Stage-B unresolved adjudication,Preserve four logical volumes and unresolved provenance debt
EVID-0601-014,stage-b-batch-0004,Swami Vivekananda,RELATED_AUTHOR_COLLECTIONS_NOT_DUPLICATES,HIGH,NOT_APPLICABLE,ACCEPT_NON_DUPLICATE,,,Stage-B negative duplicate adjudication,Author overlap does not imply duplicate identity
EVID-0601-015,HASH-0001,Discipleship in the New Age Vol 1,DUPLICATE_COPY,HIGH,BYTE_IDENTICAL_VERIFIED,ACCEPT_DUPLICATE_COPY,,,Matching SHA-256 c726a598...,Byte identity applies to this pair only
EVID-0601-016,HASH-0002,Discipleship in the New Age Vol 2,DUPLICATE_COPY,HIGH,BYTE_IDENTICAL_VERIFIED,ACCEPT_DUPLICATE_COPY,,,Matching SHA-256 ebe03963...,Byte identity applies to this pair only
EVID-0601-017,HASH-0003,Franz Bardon Golden Book of Wisdom,DUPLICATE_COPY,HIGH,BYTE_IDENTICAL_VERIFIED,ACCEPT_DUPLICATE_COPY,,,Matching SHA-256 2f22177c...,Byte identity applies to this pair only
