candidate_family_id,name,priority,drive_id,size_bytes,sha256,family_result,acquisition_route,work_identity_status,edition_id_promoted,rights_state,scientific_evidence_state
DUP-AF6E21704477,Lucifer Nahuatl.pdf,P1_LOW_COST,1Q6UX1pxelZpvUuDMq-1xzHjluzlaahdk,17209,13dd0e8d404ce099b2bc7ae1bc71d021fb873de2cecd16d39b522c4ca1cdd1d3,BYTE_IDENTICAL_VERIFIED,CONNECTED_GOOGLE_DRIVE_RAW_DOWNLOAD,HOLD_PENDING_WORK_ADJUDICATION,,UNKNOWN_UNVERIFIED,NOT_EVALUATED
DUP-AF6E21704477,Lucifer Nahuatl.pdf,P1_LOW_COST,1riy51bpOZ0mS8MC31MYnseAbwWjHn6cy,17209,13dd0e8d404ce099b2bc7ae1bc71d021fb873de2cecd16d39b522c4ca1cdd1d3,BYTE_IDENTICAL_VERIFIED,CONNECTED_GOOGLE_DRIVE_RAW_DOWNLOAD,HOLD_PENDING_WORK_ADJUDICATION,,UNKNOWN_UNVERIFIED,NOT_EVALUATED
DUP-70FE0041D868,The Tree of Life.pdf,P1_LOW_COST,1aDAKGtkY27s3XG3zI8rMJubRueXNFVlb,24034,52b908f147cda78d75de0302b83e977eab69162b5a7a8aff9ca5bb1fb04e3967,BYTE_IDENTICAL_VERIFIED,CONNECTED_GOOGLE_DRIVE_RAW_DOWNLOAD,HOLD_PENDING_WORK_ADJUDICATION,,UNKNOWN_UNVERIFIED,NOT_EVALUATED
DUP-70FE0041D868,The Tree of Life.pdf,P1_LOW_COST,1ybW1aQNM3mdn_HDKP8Wq6iHlUpYKKck_,24034,52b908f147cda78d75de0302b83e977eab69162b5a7a8aff9ca5bb1fb04e3967,BYTE_IDENTICAL_VERIFIED,CONNECTED_GOOGLE_DRIVE_RAW_DOWNLOAD,HOLD_PENDING_WORK_ADJUDICATION,,UNKNOWN_UNVERIFIED,NOT_EVALUATED
DUP-3B099FC78D6B,Techniques-of-Modern-Shamanism-vol-2-Walking-Between-The-Worlds.pdf,P1_LOW_COST,1DNj9UzbFB3fFwin61skWE60tcPm_7DWn,97449,2fb0291575cca899a87840fb7c78a02fc09416239da607c8970c0c2643ce66c1,BYTE_IDENTICAL_VERIFIED,CONNECTED_GOOGLE_DRIVE_RAW_DOWNLOAD,HOLD_PENDING_WORK_ADJUDICATION,,UNKNOWN_UNVERIFIED,NOT_EVALUATED
DUP-3B099FC78D6B,Techniques-of-Modern-Shamanism-vol-2-Walking-Between-The-Worlds.pdf,P1_LOW_COST,1P_qgwlnZ_LA2-Zcig3xTMaL67tkN1YZN,97449,2fb0291575cca899a87840fb7c78a02fc09416239da607c8970c0c2643ce66c1,BYTE_IDENTICAL_VERIFIED,CONNECTED_GOOGLE_DRIVE_RAW_DOWNLOAD,HOLD_PENDING_WORK_ADJUDICATION,,UNKNOWN_UNVERIFIED,NOT_EVALUATED
DUP-A8751A8977F4,CLF-TheEnneagram-Gurdjieff.pdf,P1_LOW_COST,1K5WZzSDpaTn1jBrbqO87J-K3IlX15-nP,106179,22e3558cdd577b8a73ac65beba6bd12b13ccab97ba7fc74dc86abb812e473bc5,BYTE_IDENTICAL_VERIFIED,CONNECTED_GOOGLE_DRIVE_RAW_DOWNLOAD,HOLD_PENDING_WORK_ADJUDICATION,,UNKNOWN_UNVERIFIED,NOT_EVALUATED
DUP-A8751A8977F4,CLF-TheEnneagram-Gurdjieff.pdf,P1_LOW_COST,1qdms1LTDLcjsvKNssLLVvQpqyDHVfWh6,106179,22e3558cdd577b8a73ac65beba6bd12b13ccab97ba7fc74dc86abb812e473bc5,BYTE_IDENTICAL_VERIFIED,CONNECTED_GOOGLE_DRIVE_RAW_DOWNLOAD,HOLD_PENDING_WORK_ADJUDICATION,,UNKNOWN_UNVERIFIED,NOT_EVALUATED
DUP-92311C59626E,Jamyang-Khyentse-Wangpo-the-Great-1820-92.pdf,P1_LOW_COST,13RylUgulnDIa5xv6qeh8ab4wtpKlUSGB,112930,a6024b3fed376f91c0ad5f4d53d87c8a6a0eb8d8f133ac0c088f9daab04d200f,BYTE_IDENTICAL_VERIFIED,CONNECTED_GOOGLE_DRIVE_RAW_DOWNLOAD,HOLD_PENDING_WORK_ADJUDICATION,,UNKNOWN_UNVERIFIED,NOT_EVALUATED
DUP-92311C59626E,Jamyang-Khyentse-Wangpo-the-Great-1820-92.pdf,P1_LOW_COST,1DVUuwwVxnQuCAV_9DT-GvDW-ySY6p_Ol,112930,a6024b3fed376f91c0ad5f4d53d87c8a6a0eb8d8f133ac0c088f9daab04d200f,BYTE_IDENTICAL_VERIFIED,CONNECTED_GOOGLE_DRIVE_RAW_DOWNLOAD,HOLD_PENDING_WORK_ADJUDICATION,,UNKNOWN_UNVERIFIED,NOT_EVALUATED
DUP-B1D60EEDA865,Techniques-of-Modern-Shamanism-vol-1-Walking-Between-The-Worlds.pdf,P1_LOW_COST,13P2egSAXimMMfWuqk5fISMWvL_p4Hw_0,130384,4e2bfce5839cf963dcbbaf6cdf505ce596964e2fd33106bf6fdde77079b73e26,BYTE_IDENTICAL_VERIFIED,CONNECTED_GOOGLE_DRIVE_RAW_DOWNLOAD,HOLD_PENDING_WORK_ADJUDICATION,,UNKNOWN_UNVERIFIED,NOT_EVALUATED
DUP-B1D60EEDA865,Techniques-of-Modern-Shamanism-vol-1-Walking-Between-The-Worlds.pdf,P1_LOW_COST,1vDAA6OjFTla2D-8908Tj31ijYp5HnMMI,130384,4e2bfce5839cf963dcbbaf6cdf505ce596964e2fd33106bf6fdde77079b73e26,BYTE_IDENTICAL_VERIFIED,CONNECTED_GOOGLE_DRIVE_RAW_DOWNLOAD,HOLD_PENDING_WORK_ADJUDICATION,,UNKNOWN_UNVERIFIED,NOT_EVALUATED
DUP-5FB81D685F0D,Egyptian Ideas of the Future Life.pdf,P1_LOW_COST,1R-kmEBrPl88jG5o78COng8TIZYcSpIUq,159086,fb9c71c92bab2b350005e8768a36e5264fd7135b9435265ac94279543ea96542,BYTE_IDENTICAL_VERIFIED,CONNECTED_GOOGLE_DRIVE_RAW_DOWNLOAD,HOLD_PENDING_WORK_ADJUDICATION,,UNKNOWN_UNVERIFIED,NOT_EVALUATED
DUP-5FB81D685F0D,Egyptian Ideas of the Future Life.pdf,P1_LOW_COST,1dhMuv5I3258MuP1jZY4EFRiXdbST9n7b,159086,fb9c71c92bab2b350005e8768a36e5264fd7135b9435265ac94279543ea96542,BYTE_IDENTICAL_VERIFIED,CONNECTED_GOOGLE_DRIVE_RAW_DOWNLOAD,HOLD_PENDING_WORK_ADJUDICATION,,UNKNOWN_UNVERIFIED,NOT_EVALUATED
DUP-64C4B08AE08D,G.-Gurdjieffs-Institure-for-the-Harmonious-Development-of-Man.pdf,P1_LOW_COST,1R-WfgUsLnXqfAFvoOutr7-b1NWmT_2Da,170302,1f16740767110f7f1283cc893cb64e0b22c9e2cd3a0072c52c52999a3bc20141,BYTE_IDENTICAL_VERIFIED,CONNECTED_GOOGLE_DRIVE_RAW_DOWNLOAD,HOLD_PENDING_WORK_ADJUDICATION,,UNKNOWN_UNVERIFIED,NOT_EVALUATED
DUP-64C4B08AE08D,G.-Gurdjieffs-Institure-for-the-Harmonious-Development-of-Man.pdf,P1_LOW_COST,1o0mHG64VSHGfmtDbNHl9Dr4VUY5faNm2,170302,1f16740767110f7f1283cc893cb64e0b22c9e2cd3a0072c52c52999a3bc20141,BYTE_IDENTICAL_VERIFIED,CONNECTED_GOOGLE_DRIVE_RAW_DOWNLOAD,HOLD_PENDING_WORK_ADJUDICATION,,UNKNOWN_UNVERIFIED,NOT_EVALUATED
DUP-56B824D25B76,The Book of Am-Tuat.pdf,P1_LOW_COST,1MKfj2yd4MgR5gWQw0urXz843FtMC9l8i,202818,096d8ac1098561aa97b6f9576b95a64ae9289356e931f3014833f8938a742581,BYTE_IDENTICAL_VERIFIED,CONNECTED_GOOGLE_DRIVE_RAW_DOWNLOAD,HOLD_PENDING_WORK_ADJUDICATION,,UNKNOWN_UNVERIFIED,NOT_EVALUATED
DUP-56B824D25B76,The Book of Am-Tuat.pdf,P1_LOW_COST,1reqEkTwGf6o8V_W8DXPFnu4bS4JWv8vV,202818,096d8ac1098561aa97b6f9576b95a64ae9289356e931f3014833f8938a742581,BYTE_IDENTICAL_VERIFIED,CONNECTED_GOOGLE_DRIVE_RAW_DOWNLOAD,HOLD_PENDING_WORK_ADJUDICATION,,UNKNOWN_UNVERIFIED,NOT_EVALUATED
DUP-715E703A6A8F,Esoteric Treatise of Hermetic Astrology.pdf,P1_LOW_COST,1FTw8L4EqAF95_tn8rv5gVJ8qtc7-nMGn,241105,99dca9dd986431a7eb2d30ac0041467192402da42fa4d0cfa2742540e5bcca35,BYTE_IDENTICAL_VERIFIED,CONNECTED_GOOGLE_DRIVE_RAW_DOWNLOAD,HOLD_PENDING_WORK_ADJUDICATION,,UNKNOWN_UNVERIFIED,NOT_EVALUATED
DUP-715E703A6A8F,Esoteric Treatise of Hermetic Astrology.pdf,P1_LOW_COST,1Pi_XzSDtQ9T0O1JR8tnWrHpIsCubgxao,241105,99dca9dd986431a7eb2d30ac0041467192402da42fa4d0cfa2742540e5bcca35,BYTE_IDENTICAL_VERIFIED,CONNECTED_GOOGLE_DRIVE_RAW_DOWNLOAD,HOLD_PENDING_WORK_ADJUDICATION,,UNKNOWN_UNVERIFIED,NOT_EVALUATED
