candidate_family_id,name,drive_id,parent_path,expected_size_bytes,downloaded_size_bytes,sha256,hash_status,family_byte_identity_status,canonical_promotion_status,rights_state,scientific_evidence_state,acquisition_route
DUP-7F64DA783E5B,Timothy-Leary-Psychedelic-Prayers.pdf,1GB9Mlr-33oIwbY-voMXgFmIYOckZT9Z4,Shamanism,325509,325509,f1a591bace1cab77a5f057d7f7dc183979e9d8c34fbd2b8a346b3122dc157228,HASHED,BYTE_IDENTICAL_VERIFIED,HOLD_PENDING_WORK_ADJUDICATION,UNKNOWN_UNVERIFIED,NOT_EVALUATED,CONNECTED_GOOGLE_DRIVE_RAW_DOWNLOAD
DUP-7F64DA783E5B,Timothy-Leary-Psychedelic-Prayers.pdf,1U0zz3VTOP7f3BzipOFE49DRoO7MUAMUY,Taoism,325509,325509,f1a591bace1cab77a5f057d7f7dc183979e9d8c34fbd2b8a346b3122dc157228,HASHED,BYTE_IDENTICAL_VERIFIED,HOLD_PENDING_WORK_ADJUDICATION,UNKNOWN_UNVERIFIED,NOT_EVALUATED,CONNECTED_GOOGLE_DRIVE_RAW_DOWNLOAD
DUP-7F64DA783E5B,Timothy-Leary-Psychedelic-Prayers.pdf,1p03kv9HxpJn6bM42F86ealXl0Onw1g6D,Philosophy,325509,325509,f1a591bace1cab77a5f057d7f7dc183979e9d8c34fbd2b8a346b3122dc157228,HASHED,BYTE_IDENTICAL_VERIFIED,HOLD_PENDING_WORK_ADJUDICATION,UNKNOWN_UNVERIFIED,NOT_EVALUATED,CONNECTED_GOOGLE_DRIVE_RAW_DOWNLOAD
DUP-381F1F73FCE8,Madame-Guyon-Autobiography.pdf,14g3Cdo0lPPa0i4rs2Etukh435XbkrrLq,Christianity,359654,359654,920dee31a2b7862ef9125b3b7e974e6d54acaa2d42f35b5569259fcdb0bd9b5f,HASHED,BYTE_IDENTICAL_VERIFIED,HOLD_PENDING_WORK_ADJUDICATION,UNKNOWN_UNVERIFIED,NOT_EVALUATED,CONNECTED_GOOGLE_DRIVE_RAW_DOWNLOAD
DUP-381F1F73FCE8,Madame-Guyon-Autobiography.pdf,1RGSNC7IPXtZSeFxOVerFkGsRkvq3T3ro,Catholocism,359654,359654,920dee31a2b7862ef9125b3b7e974e6d54acaa2d42f35b5569259fcdb0bd9b5f,HASHED,BYTE_IDENTICAL_VERIFIED,HOLD_PENDING_WORK_ADJUDICATION,UNKNOWN_UNVERIFIED,NOT_EVALUATED,CONNECTED_GOOGLE_DRIVE_RAW_DOWNLOAD
DUP-381F1F73FCE8,Madame-Guyon-Autobiography.pdf,1a2r_CUgXhmd0-57QpNUzIkvQdWaAXjRe,Biographies,359654,359654,920dee31a2b7862ef9125b3b7e974e6d54acaa2d42f35b5569259fcdb0bd9b5f,HASHED,BYTE_IDENTICAL_VERIFIED,HOLD_PENDING_WORK_ADJUDICATION,UNKNOWN_UNVERIFIED,NOT_EVALUATED,CONNECTED_GOOGLE_DRIVE_RAW_DOWNLOAD
DUP-34B468CC9C01,The Fundamentals of Meditation Practice.pdf,1BizJkrj2Q28j8uFjNXgDwZ6VGl3KbrvY,Buddhism/The Complete Works of Sister Nivedita VOL I-V,624093,624093,19082ddb98122036860463412c51bcaec6c2b605b0558e78f91b3a21e014c95a,HASHED,BYTE_IDENTICAL_VERIFIED,HOLD_PENDING_WORK_ADJUDICATION,UNKNOWN_UNVERIFIED,NOT_EVALUATED,CONNECTED_GOOGLE_DRIVE_RAW_DOWNLOAD
DUP-34B468CC9C01,The Fundamentals of Meditation Practice.pdf,1MEqszjqvYaHU2w3bm13OI-sBFio5ZXnY,Buddhism,624093,624093,19082ddb98122036860463412c51bcaec6c2b605b0558e78f91b3a21e014c95a,HASHED,BYTE_IDENTICAL_VERIFIED,HOLD_PENDING_WORK_ADJUDICATION,UNKNOWN_UNVERIFIED,NOT_EVALUATED,CONNECTED_GOOGLE_DRIVE_RAW_DOWNLOAD
DUP-34B468CC9C01,The Fundamentals of Meditation Practice.pdf,1r9dEnt-NfwkNnSb1Y6Drnr-jvf1-2wtT,Metaphysics,624093,624093,19082ddb98122036860463412c51bcaec6c2b605b0558e78f91b3a21e014c95a,HASHED,BYTE_IDENTICAL_VERIFIED,HOLD_PENDING_WORK_ADJUDICATION,UNKNOWN_UNVERIFIED,NOT_EVALUATED,CONNECTED_GOOGLE_DRIVE_RAW_DOWNLOAD
DUP-2D796B63ED1C,The-Life-of-Buddha-Ebook.pdf,1atAAvzJW_v04YQjpZibJQdOGOR4MedyI,Buddhism,800154,800154,295edfe6dfbf7c71f90bdf1a6a1f0a2deee1a790676a9c9a2ea4210457c65cb7,HASHED,BYTE_IDENTICAL_VERIFIED,HOLD_PENDING_WORK_ADJUDICATION,UNKNOWN_UNVERIFIED,NOT_EVALUATED,CONNECTED_GOOGLE_DRIVE_RAW_DOWNLOAD
DUP-2D796B63ED1C,The-Life-of-Buddha-Ebook.pdf,1cnOeqPB2xvubrBYhIIOAqNpuSKskNdyR,Dzogchen,800154,800154,295edfe6dfbf7c71f90bdf1a6a1f0a2deee1a790676a9c9a2ea4210457c65cb7,HASHED,BYTE_IDENTICAL_VERIFIED,HOLD_PENDING_WORK_ADJUDICATION,UNKNOWN_UNVERIFIED,NOT_EVALUATED,CONNECTED_GOOGLE_DRIVE_RAW_DOWNLOAD
DUP-2D796B63ED1C,The-Life-of-Buddha-Ebook.pdf,1j_xFqWQGqfI6PJQSGyMHDaUcLaJDONt8,Biographies,800154,800154,295edfe6dfbf7c71f90bdf1a6a1f0a2deee1a790676a9c9a2ea4210457c65cb7,HASHED,BYTE_IDENTICAL_VERIFIED,HOLD_PENDING_WORK_ADJUDICATION,UNKNOWN_UNVERIFIED,NOT_EVALUATED,CONNECTED_GOOGLE_DRIVE_RAW_DOWNLOAD
DUP-05622D665D68,St-Paul-the-Traveler-Roman-Citizen.pdf,1_dVtcD8ETH8NvUwZ2Thll7dJwrFXdsAL,Biographies,1243170,1243170,33c7e1d08b87fe2e88bc56724a01f2380fbdd41768535f7480e9371940467d14,HASHED,BYTE_IDENTICAL_VERIFIED,HOLD_PENDING_WORK_ADJUDICATION,UNKNOWN_UNVERIFIED,NOT_EVALUATED,CONNECTED_GOOGLE_DRIVE_RAW_DOWNLOAD
DUP-05622D665D68,St-Paul-the-Traveler-Roman-Citizen.pdf,1fsvYrxkXenv40yyTV4YCaw9fX_xJK35a,Catholocism,1243170,1243170,33c7e1d08b87fe2e88bc56724a01f2380fbdd41768535f7480e9371940467d14,HASHED,BYTE_IDENTICAL_VERIFIED,HOLD_PENDING_WORK_ADJUDICATION,UNKNOWN_UNVERIFIED,NOT_EVALUATED,CONNECTED_GOOGLE_DRIVE_RAW_DOWNLOAD
DUP-05622D665D68,St-Paul-the-Traveler-Roman-Citizen.pdf,1oLbjdrj7iTxrDgGcVtXxrWW8QLhv_2B-,Christianity,1243170,1243170,33c7e1d08b87fe2e88bc56724a01f2380fbdd41768535f7480e9371940467d14,HASHED,BYTE_IDENTICAL_VERIFIED,HOLD_PENDING_WORK_ADJUDICATION,UNKNOWN_UNVERIFIED,NOT_EVALUATED,CONNECTED_GOOGLE_DRIVE_RAW_DOWNLOAD
DUP-9AB2F9465DE7,Thomas-Aquinas-Nature-and-Grace.pdf,15mHTG3bmeOFU-Jk1H6XJWGWs01SO4RN5,Christianity,1593698,1593698,065c398f72cc7e75037cb37b3fcc8e04762c5bf18016a131fc86039e80829201,HASHED,BYTE_IDENTICAL_VERIFIED,HOLD_PENDING_WORK_ADJUDICATION,UNKNOWN_UNVERIFIED,NOT_EVALUATED,CONNECTED_GOOGLE_DRIVE_RAW_DOWNLOAD
DUP-9AB2F9465DE7,Thomas-Aquinas-Nature-and-Grace.pdf,1P45jbmP0sfzU9BlWCCDHi6zP03yXe92z,Catholocism,1593698,1593698,065c398f72cc7e75037cb37b3fcc8e04762c5bf18016a131fc86039e80829201,HASHED,BYTE_IDENTICAL_VERIFIED,HOLD_PENDING_WORK_ADJUDICATION,UNKNOWN_UNVERIFIED,NOT_EVALUATED,CONNECTED_GOOGLE_DRIVE_RAW_DOWNLOAD
DUP-9AB2F9465DE7,Thomas-Aquinas-Nature-and-Grace.pdf,1SXsER6q003poy-07rmPJzVvMt5Expju5,Logic,1593698,1593698,065c398f72cc7e75037cb37b3fcc8e04762c5bf18016a131fc86039e80829201,HASHED,BYTE_IDENTICAL_VERIFIED,HOLD_PENDING_WORK_ADJUDICATION,UNKNOWN_UNVERIFIED,NOT_EVALUATED,CONNECTED_GOOGLE_DRIVE_RAW_DOWNLOAD
