parent_root,collection_path,drive_id,direct_documents,child_folders,count_status,node_state,technical_exclusions_known,notes
Ancient Religions,Ancient Religions/Gnosis,1KI6_vTeuNGSD4cs8mYrW_v8F4YOPUgYd,6,0,EXACT,TERMINAL_LEAF,0,Fresh metadata-only retry succeeded; prior connector access anomaly cleared
Apocrypha,Apocrypha/Gospels,1f9CFPf5qukt-aa67vMFNkbPDJ1gc8TSO,30,7,EXACT,DESCENDANTS_FOUND,0,30 direct documents plus seven child collections; subtree total remains 46 documents
Apocrypha,Apocrypha/Gospels/Books of Esdras,1Oeqaww2s9jwlNJp1DJYm2Elnp-9vMiZy,2,0,EXACT,TERMINAL_LEAF,0,First and Second Books of Esdras
Apocrypha,Apocrypha/Gospels/Infancy of Jesus,1pAeUxB-9Q7fUtP5iqGNSej9O_1JYqmqA,2,0,EXACT,TERMINAL_LEAF,0,Two-part First Gospel of the Infancy of Jesus Christ
Apocrypha,Apocrypha/Gospels/Epistle of Clement,1XjPcZnAbQAyVBHsMTR59gZ29YvK7byxG,2,0,EXACT,TERMINAL_LEAF,0,First and Second Epistles of Clement
Apocrypha,Apocrypha/Gospels/Gospel of Peace,1CRsLGYk27JaGMdKvzaAwyNpXKWTsOPxi,4,0,EXACT,TERMINAL_LEAF,0,Essene Gospel of Peace Books 1-4
Apocrypha,Apocrypha/Gospels/Books of Baruch,1kejfUTwIg1Gz4nI1iOY6HoGQA-kEsziV,2,0,EXACT,TERMINAL_LEAF,0,First and Second Books of Baruch
Apocrypha,Apocrypha/Gospels/Adam and Eve,1yImfbT0C0hKaS3a8QUdng5SLk86c_EAP,2,0,EXACT,TERMINAL_LEAF,0,First and Second Books of Adam and Eve
Apocrypha,Apocrypha/Gospels/Apocalypse of James,142gsqi4RLjwLeo001PEhdliEH9m9pN9z,2,0,EXACT,TERMINAL_LEAF,0,First and Second Apocalypse of James
Science,Science/Selected works by Niels Bohr,1tBQ-eOt2Yjtc88UK4M6d4kucNuFeUm_1,3,0,EXACT,TERMINAL_LEAF,0,Fresh provider verification returned three direct PDFs and zero child folders
