name,size,count
.DS_Store,6148,11
Madame-Guyon-Autobiography.pdf,359654,3
St-Paul-the-Traveler-Roman-Citizen.pdf,1243170,3
The Fundamentals of Meditation Practice.pdf,624093,3
The-Life-of-Buddha-Ebook.pdf,800154,3
Thomas-Aquinas-Nature-and-Grace.pdf,1593698,3
Timothy-Leary-Psychedelic-Prayers.pdf,325509,3
A Depth of Beginning - Notes on Kabbalah.pdf,1918243,2
A-Collection-Of-Studies-On-The-Tibetan-Bon-Tradition.pdf,812083,2
A-Heart-Released.pdf,328502,2
Ajaan-Khao-A-True-Spiritual-Warrior.pdf,4750326,2
Al-Azif-Necronomicon.pdf,1466752,2
Alexandrian Book of Shadows.pdf,758105,2
Ali - Invincible Spells of the Afghan Mullah Sensees.pdf,1454543,2
An_Introduction_to_Yoga_-By_Annie_Besant.pdf,424548,2
Ancient Egypt Under the Pharaohs.pdf,33754251,2
Arthur Conan Doyle - The History of Spiritualism I.pdf,690671,2
Asoka-and-the-Missions.pdf,854818,2
Astral Worship.pdf,1024395,2
Astrology (Zodiac Personalities).pdf,4996250,2
Augustins-City-of-God-and-On-Christian-Doctrine.pdf,5816792,2
AwarenessItself180407.pdf,1086685,2
BrahadaranyakaUpanishad-Madhavaananda.pdf,56687224,2
CLF-TheEnneagram-Gurdjieff.pdf,106179,2
Church-History-Life-of-Constantine-Oration-in-Praise-of-Constantine-by-Eusebius-Pamphilius.pdf,5924478,2
CodexSeraphinianus.pdf,22231220,2
Come-And-See.pdf,1113042,2
Commentary-on-Ngöndro-Practice-according-to-The-New-Treasure-of-Dudjom.pdf,912887,2
Concealed Dynamics.pdf,3417264,2
Consciousness-Studies.pdf,15772174,2
Dictionary of Deities and Demons in the Bible.pdf,66728944,2
Earth Ascending.pdf,3375601,2
Egyptian Ideas of the Future Life.pdf,159086,2
Egyptian Myth and Legend.pdf,465975,2
Esoteric Treatise of Hermetic Astrology.pdf,241105,2
Essential Neurology.pdf,3253132,2
Etymology of Latin and Greek.pdf,14769570,2
Exploring Human History - The First 2500 Years.pdf,1007723,2
Food-Of-The-Gods-Terence-Mckenna.pdf,3446277,2
Forbidden History of Europe Vol. I.pdf,14240598,2
Forbidden History of Europe Vol. IX.pdf,14678803,2
Forbidden History of Europe Vol. VII.pdf,3745991,2
Forbidden History of Europe Vol. VIII.pdf,4436491,2
Forbidden History of Europe Vol. X.pdf,10047346,2
Forbidden History of Europe Vol. XI.pdf,7271580,2
Forbidden History of Europe Vol. XII.pdf,877915,2
G.-Gurdjieffs-Institure-for-the-Harmonious-Development-of-Man.pdf,170302,2
Grounding Cognition.pdf,5807323,2
Hallucinogenic-Plants-A-Golden-Guide.pdf,9407560,2
History-of-Greek-Philosophy-I.pdf,22211496,2
History-of-Greek-Philosophy-II.pdf,22462890,2
History-of-Mysticism.pdf,4346288,2
How I Found Freedom in an Unfree World.pdf,1432287,2
Ibn-Al-Arabi-Tarjuman-Al-Ashwaq.pdf,6816803,2
Illuminati Formula for Mind Control.pdf,2440975,2
Jamyang-Khyentse-Wangpo-the-Great-1820-92.pdf,112930,2
Kundalini-and-Yantra.pdf,5253779,2
Lao-tse-The-Tao-Teh-King.pdf,679220,2
Legislative Expression.pdf,581350,2
Life-of-Saint-Francis-of-Assisi-by-Paul-Sabatier.pdf,1041741,2
Living-Nonduality.pdf,2126700,2
Lucifer Nahuatl.pdf,17209,2
MUSHROOMS-RUSSIA-AND-HISTORY-Volume-1.pdf,7535919,2
MUSHROOMS-RUSSIA-AND-HISTORY-Volume-2.pdf,8413439,2
Mae-Chee-Kaew-Her-Journey-to-Spiritual-Awakening-Enlightenment.pdf,2776582,2
Magic-Mushrooms-around-the-world.pdf,7679382,2
MahabharataOfVyasa-EnglishTranslationByKMGanguli.pdf,22892697,2
Max-Cafard-Zen-Anarchy.pdf,910215,2
Nalinikas-story.pdf,420331,2
Natures-Finer-Forces-The-Science-of-Breath-Rama-Prasad.pdf,391712,2
Nectar-of-Sunyata.pdf,882538,2
On the Metaphysics of Numbers.pdf,9584252,2
Pistis Sophia Unveiled.pdf,965203,2
Preksha-Dhyana-Perception-of-Psychic-Colours.pdf,1606530,2
Propaganda.pdf,1342781,2
Psychedelic-information-theory-Shamanism-in-the-age-of-Reason.pdf,6202650,2
Queen_of_Sheba.pdf,841165,2
Rohonc-Codex.pdf,4879089,2
Secret-of-the-Golden-Flower.pdf,386367,2
Sixty-Songs-of-Milarepa.pdf,390872,2
Snow-in-the-Summer.pdf,371884,2
Sri-Aurobindo-VOL-36-Autobiographical-Notes-and-Other-Writings-of-Historical-Interest.pdf,2143386,2
Sunyata-The-typewritten-manuscripts.pdf,97867750,2
Techniques-of-Modern-Shamanism-vol-1-Walking-Between-The-Worlds.pdf,130384,2
Techniques-of-Modern-Shamanism-vol-2-Walking-Between-The-Worlds.pdf,97449,2
Techniques-of-Modern-Shamanism-vol-3-Walking-Between-The-Worlds.pdf,341266,2
Terrorism and the Illuminati.pdf,1859397,2
The Aquarian Gospel of Jesus the Christ.pdf,524360,2
The Art Planet Chronicles - The Making of the Fifth Ring.pdf,1166850,2
The Atlantis Encyclopedia.pdf,4043991,2
The Book of Am-Tuat.pdf,202818,2
The Ether of Space.pdf,7890960,2
The Gnostic Crucifixion.pdf,4430482,2
The Gods of Eden.pdf,2678005,2
The Hitchhikers Guide to the Galaxy.pdf,2409071,2
The Key of the Mysteries.pdf,501217,2
The Perfect Way.pdf,20741090,2
The Scriptures and Inscription of Darius the Great.pdf,12110573,2
The Secret World Government.pdf,7140096,2
The Tree of Life.pdf,24034,2
The Voudon-Gnostic Workbook.pdf,83551285,2
The-Book-of-Five-Rings-by-Musashi-Miyamoto.pdf,271385,2
The-Book-of-Soyga.pdf,6216806,2
The-Complete-Pythagoras.pdf,942461,2
The-Complete-works-of-Nostradamus.pdf,1074445,2
The-Doors-Of-Perception-Aldous-Huxley.pdf,317934,2
The-Haran-Gawaita-and-the-Baptism-of-Hibil-Ziwa.pdf,5635676,2
The-Illuminated-Sketchbook-of-Stephan-Scriber.pdf,9821348,2
The-John-Dee-Necronomicon.pdf,3972904,2
The-Life-of-the-Buddha.pdf,800154,2
The-Necronomicon-Spellbook.pdf,265676,2
The-Quiet-Mind.pdf,1605335,2
The-Simon-Necronomicon.pdf,4494276,2
The-Sufism-of-the-Rubaiyat.pdf,1195241,2
The-Sutra-of-Recollecting-the-Three-Jewels.pdf,288919,2
The-Venerable-Phra-Acharn-Mun-Bhuridatta-Thera-meditation-master.pdf,1144454,2
The-Yajur-Veda-Taittiriya-Sanhita-Taittiriya-Sanhita.pdf,1075587,2
The_Astral_Plane_By_Charles_Leadbeater.pdf,332288,2
The_Complete_Works_of_H.P._Lovecraft.pdf,13437841,2
Time and the Technosphere.pdf,9549976,2
Transmutation-of-Personality-through-Preksha-Meditation.pdf,5343180,2
Unentangled-Knowing.pdf,2631815,2
Voynich-Manuscript.pdf,56746185,2
Wonderful Ethiopians of the Ancient Cushite Empire.pdf,764082,2
Ye-Magick-Mirrour-of-Old-Japan.pdf,5117707,2
joyous_cosmology.pdf,649720,2
psychedelic_shamanism.pdf,3797464,2
