family_id,canonical_label,relation_type,collections,physical_objects_observed,logical_units,match_basis,confidence,status,notes
CANON-0001,Necronomicon + H. P. Lovecraft five-title set,DUPLICATE_SET,"Literature;Bizzare",10,5,Same five normalised titles across two folders,HIGH,REVIEWED,"Separate Drive IDs; model five canonical works with two appears_in collection paths; byte identity not asserted"
CANON-0002,Mushrooms Russia and History Volumes 1-2,DUPLICATE_SERIES,"Ancient Religions;Bizzare",4,2,Exact matching volume titles across two folders,HIGH,REVIEWED,"Separate Drive IDs; two logical volumes"
CANON-0003,Techniques of Modern Shamanism Volumes 1-3,DUPLICATE_SERIES,"Ancient Religions;Shamanism",6,3,Exact matching three volume titles across two folders,HIGH,REVIEWED,"Separate Drive IDs; three logical volumes"
CANON-0004,Forbidden History of Europe Volumes I-XII,ALTERNATE_COPY_SERIES,"World History;Secret Societies",24,12,Same twelve volume titles; multiple same-name volumes have differing file sizes,HIGH,REVIEWED,"Do not collapse as byte-identical duplicates; canonicalise at logical-volume/work level and preserve edition/copy objects"
CANON-0005,Echoes from the Gnosis six-work subset,DUPLICATE_OR_VARIANT_SET,"Ancient Religions/Gnosis;Ancient Religions/Echoes From the Gnosis",12,6,Same six G.R.S. Mead works after filename normalisation,HIGH,REVIEWED,"Punctuation/parentheses differ in filenames; verify hashes later if byte-level deduplication is required"
CANON-0006,The Sacred Magic of Abramelin the Mage Books 1-3,WORK_FAMILY,"Grimoire;Alchemy;Magick",9,3,Three-book Abramelin series represented in three collections with differing filenames,MEDIUM_HIGH,REVIEWED,"Treat as same logical work/volume family but retain edition/copy provenance; byte identity not asserted"
CANON-0007,The Law of One Books 1-5,WORK_FAMILY,"The Law of One;Extraterrestrials",10,5,Books 1-5 present in both collections with normalised title equivalence,HIGH,REVIEWED,"Top-level Law of One also contains two study guides which remain separate works"
CANON-0008,Gospel of Thomas,TRANSLATION_EDITION_FAMILY,"Apocrypha/Gospels;Catholocism/Gospel of Thomas",3,1,One generic Gospel of Thomas plus Scholars and Bruce versions,MEDIUM_HIGH,REVIEWED,"Do not deduplicate translations as identical documents; canonical work has multiple translation/edition nodes"
CANON-0009,Agrippa Occult Philosophy,WORK_FAMILY,"Philosophy;Magick",9,4,Magick branch has books 1-4 while Philosophy branch is a five-document Agrippa collection,MEDIUM,CANDIDATE,"Philosophy folder currently hit a connector-level 404 on fresh retry; prior exact five-document census retained; inspect titles before final volume mapping"
CANON-0010,Ramayana,EDITION_OR_COLLECTION_FAMILY,"Hinduism;Buddhism",5,1,Hinduism has a direct Ramayana PDF while Buddhism carries a four-volume Ramayana edition,MEDIUM_HIGH,REVIEWED,"Canonical work should link to distinct edition/volume structures rather than collapse five physical objects into one file"
CANON-0011,Lao-tse Tao Teh King,DUPLICATE_WORK,"Buddhism;Taoism",2,1,Exact normalised title appears in both roots,HIGH,REVIEWED,"Separate Drive IDs; byte identity not yet asserted"
CANON-0012,Timothy Leary Psychedelic Prayers,DUPLICATE_WORK,"Taoism;Shamanism",2,1,Exact normalised title appears in both roots,HIGH,REVIEWED,"Separate Drive IDs; preserve both collection paths"
CANON-0013,Ibn Al-Arabi Tarjuman Al-Ashwaq,DUPLICATE_WORK,"Sufism;Islam",2,1,Exact normalised title appears in both roots,HIGH,REVIEWED,"Separate Drive IDs; one canonical work with two appears_in relationships"
CANON-0014,Twelve Keys,DUPLICATE_COPY,"Alchemy",2,1,Normalised titles match and both objects are 70312 bytes,HIGH,REVIEWED,"Strong byte-duplicate candidate pending hash verification"
CANON-0015,Alchemy Ancient and Modern,DUPLICATE_COPY,"Alchemy",2,1,Normalised titles differ only by copy suffix and both objects are 368640 bytes,HIGH,REVIEWED,"Strong byte-duplicate candidate pending hash verification"
CANON-0016,Discipleship in the New Age Vol 1,DUPLICATE_COPY,"PDF/Alice A. Bailey",2,1,Normalised titles match and both objects are 6321419 bytes,HIGH,REVIEWED,"Strong byte-duplicate candidate pending hash verification"
CANON-0017,Discipleship in the New Age Vol 2,DUPLICATE_COPY,"PDF/Alice A. Bailey",2,1,Normalised titles match and both objects are 5905957 bytes,HIGH,REVIEWED,"Strong byte-duplicate candidate pending hash verification"
CANON-0018,Charles W. Leadbeater The Hidden Life in Freemasonry,DUPLICATE_WORK,"Masonry;Theosophy/Leadbeater",2,1,Same author and normalised title across both branches,HIGH,REVIEWED,"Separate Drive IDs; likely same edition but retain copy provenance until hash comparison"
CANON-0019,John Yarker The Arcane Schools,DUPLICATE_COPY,"Masonry;Secret Societies",2,1,Normalised titles match and both objects are 3217739 bytes,HIGH,REVIEWED,"Strong byte-duplicate candidate pending hash verification"
CANON-0020,Albert Pike Morals and Dogma,WORK_FAMILY,"Masonry;Secret Societies",2,1,Author/title normalisation maps both files to the same work,MEDIUM_HIGH,REVIEWED,"Filename variants; do not assert byte identity without size/hash comparison"
CANON-0021,Egyptian Ideas of the Future Life,DUPLICATE_COPY,"Religion;Egyptian Mysteries",2,1,Exact title and both objects are 159086 bytes,HIGH,REVIEWED,"Strong byte-duplicate candidate pending hash verification"
CANON-0022,The Book of Am-Tuat,DUPLICATE_COPY,"Religion;Egyptian Mysteries",2,1,Exact title and both objects are 202818 bytes,HIGH,REVIEWED,"Strong byte-duplicate candidate pending hash verification"
CANON-0023,The Art Planet Chronicles - The Making of the Fifth Ring,DUPLICATE_WORK,"Fiction;The Law of Time",2,1,Exact title appears in both roots,HIGH,REVIEWED,"Separate Drive IDs; preserve thematic collection provenance"
CANON-0024,The Sutra of Recollecting the Three Jewels,DUPLICATE_WORK,"Buddhism;Dzogchen",2,1,Exact normalised title appears in both roots,HIGH,REVIEWED,"Separate Drive IDs; canonical Buddhist text with multiple collection paths"
CANON-0025,Vimalakirti Nirdesa Sutra,DUPLICATE_OR_VARIANT_COPY,"Buddhism",2,1,Two filenames differ only by trailing numeral after normalisation,MEDIUM_HIGH,CANDIDATE,"Compare file sizes or hashes before declaring byte identity"
CANON-0026,Aleister Crowley Eight Lectures on Yoga,EDITION_OR_COPY_FAMILY,"Yoga;PDF/Aleister Crowley",2,1,Same work title appears in thematic Yoga and Crowley author collection,MEDIUM_HIGH,REVIEWED,"Preserve edition/copy objects and dual collection provenance"
