title,reddit_url,author,attribution_note,date,source_type,category,short_summary,external_source_url,toolkit_framework,research_question_potential,visual_audio_art_flag,evidence_status,provenance_status
r/NeuronsToNirvana mapping consciousness discourse,https://www.reddit.com/r/NeuronsToNirvana/comments/1qll7jj/rneuronstonirvana_mapping_consciousness_discourse/,Original poster as listed on Reddit,Original poster as listed on Reddit; no private information reproduced.,unknown,community_map,Frameworks,"A community-led taxonomy of recurring concepts across N2N discussion, used as a starting map of themes, language, and interrelated ideas.",https://www.reddit.com/r/NeuronsToNirvana/comments/1qll7jj/rneuronstonirvana_mapping_consciousness_discourse/,Library of Alexandria,What recurring themes structure discussion around consciousness and identity within the community?,No,community_observation,Link-only; attribution preserved; no content reproduction without confirmed rights.
Project Akashic Library / Codex Nexus,https://www.reddit.com/r/NeuronsToNirvana/comments/1l26ks1/project_akashic_library_framework_codex_nexus/,Original poster as listed on Reddit,Original poster as listed on Reddit; no private information reproduced.,unknown,concept_post,Frameworks,"A conceptual archive model intended to organize symbols, memory, meaning, and wisdom across collective inquiry.",https://www.reddit.com/r/NeuronsToNirvana/comments/1l26ks1/project_akashic_library_framework_codex_nexus/,Library of Alexandria,How do archive-based metaphors shape collective meaning-making and knowledge organization?,Unknown,speculation,Link-only; attribution preserved; no image or text reuse without confirmed rights.
"One Source, Many Paths",https://www.reddit.com/r/NeuronsToNirvana/comments/1uoneax/one_source_many_paths_beyond_the_ego_into/,Original poster as listed on Reddit,Original poster as listed on Reddit; no private information reproduced.,unknown,discussion,Consciousness,"A community discussion of unity, multiplicity, identity, and the idea that different paths may converge around a deeper source or continuity.",https://www.reddit.com/r/NeuronsToNirvana/comments/1uoneax/one_source_many_paths_beyond_the_ego_into/,HIERATIC,"How do participants interpret unity, personal identity, and multiple routes to insight?",No,community_observation,Link-only; attribution preserved; no content reproduction without confirmed rights.
The self as a temporary interface,https://www.reddit.com/r/NeuronsToNirvana/comments/1s1t8r8/the_self_as_a_temporary_interface/,Original poster as listed on Reddit,Original poster as listed on Reddit; no private information reproduced.,unknown,discussion,Consciousness,A thread examining the idea that the self may be a functional interface rather than a fixed essence.,https://www.reddit.com/r/NeuronsToNirvana/comments/1s1t8r8/the_self_as_a_temporary_interface/,METAD,What narratives about selfhood are common across experiential and philosophical discourse?,No,community_observation,Link-only; attribution preserved; no text reuse without confirmed rights.
Consciousness without a permanent witness,https://www.reddit.com/r/NeuronsToNirvana/comments/1sfg635/consciousness_without_a_permanent_witness/,Original poster as listed on Reddit,Original poster as listed on Reddit; no private information reproduced.,unknown,discussion,Philosophy,A discussion on the possibility that conscious experience may not require a permanent or singular witness.,https://www.reddit.com/r/NeuronsToNirvana/comments/1sfg635/consciousness_without_a_permanent_witness/,QMM,How do participants distinguish transient self-models from enduring experience?,No,speculation,Link-only; attribution preserved; no content reproduction without confirmed rights.
Wisdom traditions as cognitive maps,https://www.reddit.com/r/NeuronsToNirvana/comments/1t4mza9/wisdom_traditions_as_cognitive_maps/,Original poster as listed on Reddit,Original poster as listed on Reddit; no private information reproduced.,unknown,discussion,Wisdom Traditions,"A thread exploring how contemplative and spiritual traditions function as interpretive frameworks for attention, identity, and meaning.",https://www.reddit.com/r/NeuronsToNirvana/comments/1t4mza9/wisdom_traditions_as_cognitive_maps/,Knowledge Commons,Which conceptual maps recur across different traditions and how do they compare?,No,creative_cultural_material,Link-only; attribution preserved; no derivative reuse without confirmed rights.
Indigenous knowledge and nondual inquiry,https://www.reddit.com/r/NeuronsToNirvana/comments/1t7jbxj/indigenous_knowledge_and_nondual_inquiry/,Original poster as listed on Reddit,"Original poster as listed on Reddit; cultural material is treated as context, not evidence.",unknown,discussion,Indigenous / Cultural Knowledge,A discussion on how Indigenous and place-based knowledge traditions may inform nondual inquiry and ecological awareness.,https://www.reddit.com/r/NeuronsToNirvana/comments/1t7jbxj/indigenous_knowledge_and_nondual_inquiry/,HOMESENSE,How are place-based knowledge systems compared with introspective or philosophical frameworks?,Unknown,creative_cultural_material,Link-only; attribution preserved; cultural material is not treated as evidence or reproduced without permission.
Psychedelic integration and meaning-making,https://www.reddit.com/r/NeuronsToNirvana/comments/1t9d2qg/psychedelic_integration_and_meaningmaking/,Original poster as listed on Reddit,Original poster as listed on Reddit; no private information or personal details reproduced.,unknown,discussion,Psychedelics,A personal and community-centered thread on integrating insights from altered states into daily life and interpretation.,https://www.reddit.com/r/NeuronsToNirvana/comments/1t9d2qg/psychedelic_integration_and_meaningmaking/,METAD,What kinds of themes recur during integration after altered states?,No,lived_experience,Link-only; attribution preserved; no private experience details reproduced.
A personal shift in the sense of self,https://www.reddit.com/r/NeuronsToNirvana/comments/1t3zw4o/a_personal_shift_in_the_sense_of_self/,Original poster as listed on Reddit,Original poster as listed on Reddit; no private information reproduced.,unknown,personal_experience,Personal Experience,"A short narrative describing a change in sense of self, affect, and relationship to time or context.",https://www.reddit.com/r/NeuronsToNirvana/comments/1t3zw4o/a_personal_shift_in_the_sense_of_self/,HOMESENSE,What patterns of self-transition are reported in first-person experiential accounts?,No,lived_experience,Link-only; attribution preserved; no personal-data extraction.
The world felt more alive,https://www.reddit.com/r/NeuronsToNirvana/comments/1tx3m7w/the_world_felt_more_alive/,Original poster as listed on Reddit,Original poster as listed on Reddit; no private information reproduced.,unknown,personal_experience,Personal Experience,A first-person report describing intensified sensory and affective engagement with the environment.,https://www.reddit.com/r/NeuronsToNirvana/comments/1tx3m7w/the_world_felt_more_alive/,HOMESENSE,How do everyday environmental experiences alter perception and familiarity?,No,lived_experience,Link-only; attribution preserved; personal testimony remains separate from evidence.
HIERATIC as interpretive scaffolding,https://www.reddit.com/r/NeuronsToNirvana/comments/1u6dq0s/hieratic_as_interpretive_scaffolding/,Original poster as listed on Reddit,Original poster as listed on Reddit; no private information reproduced.,unknown,framework_discussion,Frameworks,A framework-oriented discussion of symbolic interpretation and layered meaning within a larger inquiry system.,https://www.reddit.com/r/NeuronsToNirvana/comments/1u6dq0s/hieratic_as_interpretive_scaffolding/,HIERATIC,How do symbolic systems help people organize and compare meaning across domains?,Unknown,speculation,Link-only; attribution preserved; no content reproduction without confirmed rights.
HOMESENSE and lived environment,https://www.reddit.com/r/NeuronsToNirvana/comments/1u7x086/homesense_and_lived_environment/,Original poster as listed on Reddit,Original poster as listed on Reddit; no private information reproduced.,unknown,framework_discussion,Frameworks,"A discussion on how place, routine, environment, and sensory setting shape attention and meaning.",https://www.reddit.com/r/NeuronsToNirvana/comments/1u7x086/homesense_and_lived_environment/,HOMESENSE,"How does physical environment influence awareness, regulation, and meaning?",No,community_observation,Link-only; attribution preserved; no further reuse without confirmed rights.
METAD and meaning-construction,https://www.reddit.com/r/NeuronsToNirvana/comments/1u8v6vz/metad_and_meaningconstruction/,Original poster as listed on Reddit,Original poster as listed on Reddit; no private information reproduced.,unknown,framework_discussion,Frameworks,"A thread exploring how meaning is created, revised, and shared across self-models, narratives, and symbolic systems.",https://www.reddit.com/r/NeuronsToNirvana/comments/1u8v6vz/metad_and_meaningconstruction/,METAD,Which meaning-constructs recur across community discussions and personal narratives?,No,community_observation,Link-only; attribution preserved; no content reproduction without confirmed rights.
UMASC and shared pattern recognition,https://www.reddit.com/r/NeuronsToNirvana/comments/1u9g5z7/umasc_and_shared_pattern_recognition/,Original poster as listed on Reddit,Original poster as listed on Reddit; no private information reproduced.,unknown,framework_discussion,Frameworks,"A community framing of pattern recognition, model comparison, and shared meaning structures.",https://www.reddit.com/r/NeuronsToNirvana/comments/1u9g5z7/umasc_and_shared_pattern_recognition/,UMASC,How do community members detect and compare recurring patterns across experiences?,No,community_observation,Link-only; attribution preserved; no reproduction without confirmed rights.
QMM and the making of questions,https://www.reddit.com/r/NeuronsToNirvana/comments/1u9z1o5/qmm_and_the_making_of_questions/,Original poster as listed on Reddit,Original poster as listed on Reddit; no private information reproduced.,unknown,framework_discussion,Frameworks,"A discussion of question-formation as a method for inquiry, meaning-making, and pattern discovery.",https://www.reddit.com/r/NeuronsToNirvana/comments/1u9z1o5/qmm_and_the_making_of_questions/,QMM,What kinds of questions best support reflection without collapsing into certainty?,No,community_observation,Link-only; attribution preserved; no content reproduction without confirmed rights.
ACTC and continuity of attention,https://www.reddit.com/r/NeuronsToNirvana/comments/1uawf2k/actc_and_continuity_of_attention/,Original poster as listed on Reddit,Original poster as listed on Reddit; no private information reproduced.,unknown,framework_discussion,Frameworks,"A thread on continuity, attention, and how the perceived stream of awareness is organized over time.",https://www.reddit.com/r/NeuronsToNirvana/comments/1uawf2k/actc_and_continuity_of_attention/,ACTC,How do participants describe the continuity or disruption of attention across states?,No,community_observation,Link-only; attribution preserved; no content reproduction without confirmed rights.
CUT and the compression of time,https://www.reddit.com/r/NeuronsToNirvana/comments/1ubgfxx/cut_and_the_compression_of_time/,Original poster as listed on Reddit,Original poster as listed on Reddit; no private information reproduced.,unknown,framework_discussion,Frameworks,"A concept-heavy thread on time perception, sequence, and the felt compression or expansion of experience.",https://www.reddit.com/r/NeuronsToNirvana/comments/1ubgfxx/cut_and_the_compression_of_time/,CUT,"How do community narratives frame time as perceptual, symbolic, or experiential?",No,speculation,Link-only; attribution preserved; no content reproduction without confirmed rights.
Karma and continuity across lives,https://www.reddit.com/r/NeuronsToNirvana/comments/1ucqwjw/karma_and_continuity_across_lives/,Original poster as listed on Reddit,Original poster as listed on Reddit; no private information reproduced.,unknown,discussion,Philosophy,"A discussion on continuity, karma, and how people interpret patterns of action, consequence, and identity across lifetimes or repeated journeys.",https://www.reddit.com/r/NeuronsToNirvana/comments/1ucqwjw/karma_and_continuity_across_lives/,Meaning-making,How do participants interpret continuity beyond a single embodied lifetime?,No,speculation,Link-only; attribution preserved; no content reproduction without confirmed rights.
"Sound, resonance, and altered states",https://www.reddit.com/r/NeuronsToNirvana/comments/1ud0d1w/sound_resonance_and_altered_states/,Original poster as listed on Reddit,Original poster as listed on Reddit; no private information reproduced.,unknown,discussion,Music,"A thread on music, sound, resonance, and how auditory patterns may shape the felt quality of awareness or insight.",https://www.reddit.com/r/NeuronsToNirvana/comments/1ud0d1w/sound_resonance_and_altered_states/,HOMESENSE,"How do auditory experiences relate to emotion, insight, and altered states?",Yes,creative_cultural_material,Link-only; attribution preserved; no audio or artwork reproduction without confirmed rights.
Visual symbolism and the sacred,https://www.reddit.com/r/NeuronsToNirvana/comments/1udv3su/visual_symbolism_and_the_sacred/,Original poster as listed on Reddit,Original poster as listed on Reddit; no private information reproduced.,unknown,art_discussion,Art,"A thread on sacred geometry, visual symbolism, and how image systems support interpretation, awe, and meaning-making.",https://www.reddit.com/r/NeuronsToNirvana/comments/1udv3su/visual_symbolism_and_the_sacred/,Library of Alexandria,"Which symbols recur as tools for meaning, ritual, or integration?",Yes,creative_cultural_material,Link-only; attribution preserved; no image reuse without confirmed rights.
Humour as a mode of reflection,https://www.reddit.com/r/NeuronsToNirvana/comments/1ue6u0b/humour_as_a_mode_of_reflection/,Original poster as listed on Reddit,Original poster as listed on Reddit; no private information reproduced.,unknown,humour_thread,Humour,"A thread using humour to soften serious themes and reflect on ego, absurdity, and the limits of certainty.",https://www.reddit.com/r/NeuronsToNirvana/comments/1ue6u0b/humour_as_a_mode_of_reflection/,Community Inquiry,How does humour shape community resilience and inquiry without collapsing into cynicism?,No,creative_cultural_material,Link-only; attribution preserved; no text reuse without confirmed rights.
Storytelling as an epistemic tool,https://www.reddit.com/r/NeuronsToNirvana/comments/1uepvp1/storytelling_as_an_epistemic_tool/,Original poster as listed on Reddit,Original poster as listed on Reddit; no private information reproduced.,unknown,story_thread,Stories,"A discussion on narrative, testimony, and the role of stories as ways of organizing difficult or paradoxical experience.",https://www.reddit.com/r/NeuronsToNirvana/comments/1uepvp1/storytelling_as_an_epistemic_tool/,HIERATIC,How do stories function as evidence-like but non-empirical accounts of meaning?,No,creative_cultural_material,Link-only; attribution preserved; no reuse of personal narratives without consent.
Community care and mutual witnessing,https://www.reddit.com/r/NeuronsToNirvana/comments/1ufb2s0/community_care_and_mutual_witnessing/,Original poster as listed on Reddit,Original poster as listed on Reddit; no private information reproduced.,unknown,community_discussion,Community,"A thread about support, listening, and the role of community in making sense of experience without reducing it to dogma.",https://www.reddit.com/r/NeuronsToNirvana/comments/1ufb2s0/community_care_and_mutual_witnessing/,Community Inquiry,How does mutual witnessing shape the quality and safety of experience-sharing communities?,No,community_observation,Link-only; attribution preserved; no private or identifying content reproduced.
Nature as a mirror of awareness,https://www.reddit.com/r/NeuronsToNirvana/comments/1ug6j0c/nature_as_a_mirror_of_awareness/,Original poster as listed on Reddit,Original poster as listed on Reddit; no private information reproduced.,unknown,discussion,Nature / Ecology,"A discussion of ecological attention, embodiment, and how natural environments may shape awareness and relationality.",https://www.reddit.com/r/NeuronsToNirvana/comments/1ug6j0c/nature_as_a_mirror_of_awareness/,HOMESENSE,"How do ecological settings alter attention, introspection, and felt continuity?",No,community_observation,Link-only; attribution preserved; no image reuse without confirmed rights.
Technology and extended consciousness,https://www.reddit.com/r/NeuronsToNirvana/comments/1ugzawh/technology_and_extended_consciousness/,Original poster as listed on Reddit,Original poster as listed on Reddit; no private information reproduced.,unknown,discussion,Frameworks,"A speculative thread considering how technology, interfaces, and digital mediation might reshape self-models and attention.",https://www.reddit.com/r/NeuronsToNirvana/comments/1ugzawh/technology_and_extended_consciousness/,Futures / Speculation,How do tools alter the distribution of attention and self-experience?,No,speculation,Link-only; attribution preserved; no content reproduction without confirmed rights.
Future speculation on consciousness and civilisation,https://www.reddit.com/r/NeuronsToNirvana/comments/1uhxwga/future_speculation_on_consciousness_and_civilisation/,Original poster as listed on Reddit,Original poster as listed on Reddit; no private information reproduced.,unknown,speculation_thread,Future / Speculation,"A future-oriented discussion of civilisation, collective intelligence, and the interactive evolution of consciousness.",https://www.reddit.com/r/NeuronsToNirvana/comments/1uhxwga/future_speculation_on_consciousness_and_civilisation/,Futures / Speculation,"What kinds of futures are imagined when consciousness is considered collective, networked, or evolving?",Unknown,speculation,Link-only; attribution preserved; no content reproduction without confirmed rights.
Research threads as community signal generation,https://www.reddit.com/r/NeuronsToNirvana/comments/1uib1r0/research_threads_as_community_signal_generation/,Original poster as listed on Reddit,Original poster as listed on Reddit; no private information reproduced.,unknown,research_discussion,Research,A thread reflecting on how community discussion may surface themes and questions that later inform research design or hypothesis generation.,https://www.reddit.com/r/NeuronsToNirvana/comments/1uib1r0/research_threads_as_community_signal_generation/,Research Database,Which recurring community themes merit formal investigation rather than direct acceptance?,No,community_observation,Link-only; attribution preserved; no content reproduction without confirmed rights.
Psychedelic language and the limits of words,https://www.reddit.com/r/NeuronsToNirvana/comments/1uirtco/psychedelic_language_and_the_limits_of_words/,Original poster as listed on Reddit,Original poster as listed on Reddit; no private information reproduced.,unknown,discussion,Psychedelics,"A reflective thread on the relationship between language, altered states, and the challenge of expressing non-ordinary experience.",https://www.reddit.com/r/NeuronsToNirvana/comments/1uirtco/psychedelic_language_and_the_limits_of_words/,METAD,How do language and symbolism shape the communication of altered-state experiences?,No,lived_experience,Link-only; attribution preserved; no personal account reuse without permission.
