feed_rank,subreddit,reddit_post_id,canonical_url,observed_at,discovery_source,live_verification_status,historical_index_match,prior_manual_batch_match,disposition,import_status,pagination_page
1,NeuronsToNirvana,1vzoa3j,https://www.reddit.com/r/NeuronsToNirvana/comments/1vzoa3j/,2026-09-01,public_subreddit_new_feed,publicly_accessible,false,false,new_manual_candidate,HOLD,2
2,NeuronsToNirvana,1vznd25,https://www.reddit.com/r/NeuronsToNirvana/comments/1vznd25/,2026-09-01,public_subreddit_new_feed,publicly_accessible,false,false,new_manual_candidate,HOLD,2
3,NeuronsToNirvana,1vzlneq,https://www.reddit.com/r/NeuronsToNirvana/comments/1vzlneq/,2026-09-01,public_subreddit_new_feed,publicly_accessible,false,false,new_manual_candidate,HOLD,2
4,NeuronsToNirvana,1vzjevx,https://www.reddit.com/r/NeuronsToNirvana/comments/1vzjevx/,2026-09-01,public_subreddit_new_feed,publicly_accessible,false,false,new_manual_candidate,HOLD,2
5,NeuronsToNirvana,1vzfhwd,https://www.reddit.com/r/NeuronsToNirvana/comments/1vzfhwd/,2026-09-01,public_subreddit_new_feed,publicly_accessible,false,true,duplicate_existing_hold,NO_ACTION,2
6,NeuronsToNirvana,1vzegb9,https://www.reddit.com/r/NeuronsToNirvana/comments/1vzegb9/,2026-09-01,public_subreddit_new_feed,publicly_accessible,false,false,new_manual_candidate,HOLD,2
7,NeuronsToNirvana,1vzatdl,https://www.reddit.com/r/NeuronsToNirvana/comments/1vzatdl/,2026-09-01,public_subreddit_new_feed,publicly_accessible,false,false,new_manual_candidate,HOLD,2
8,NeuronsToNirvana,1vz8oyb,https://www.reddit.com/r/NeuronsToNirvana/comments/1vz8oyb/,2026-09-01,public_subreddit_new_feed,publicly_accessible,false,false,new_manual_candidate,HOLD,2
9,NeuronsToNirvana,1vyr82r,https://www.reddit.com/r/NeuronsToNirvana/comments/1vyr82r/,2026-09-01,public_subreddit_new_feed,publicly_accessible,false,false,new_manual_candidate,HOLD,2
10,NeuronsToNirvana,1vyquht,https://www.reddit.com/r/NeuronsToNirvana/comments/1vyquht/,2026-09-01,public_subreddit_new_feed,publicly_accessible,false,false,new_manual_candidate,HOLD,2
11,NeuronsToNirvana,1vyngfa,https://www.reddit.com/r/NeuronsToNirvana/comments/1vyngfa/,2026-09-01,public_subreddit_new_feed,publicly_accessible,false,false,new_manual_candidate,HOLD,2
12,NeuronsToNirvana,1vyn02t,https://www.reddit.com/r/NeuronsToNirvana/comments/1vyn02t/,2026-09-01,public_subreddit_new_feed,publicly_accessible,false,false,new_manual_candidate,HOLD,2
13,NeuronsToNirvana,1vyhd2m,https://www.reddit.com/r/NeuronsToNirvana/comments/1vyhd2m/,2026-09-01,public_subreddit_new_feed,publicly_accessible,false,false,new_manual_candidate,HOLD,2
14,NeuronsToNirvana,1vy1mcn,https://www.reddit.com/r/NeuronsToNirvana/comments/1vy1mcn/,2026-09-01,public_subreddit_new_feed,publicly_accessible,false,false,new_manual_candidate,HOLD,2
15,NeuronsToNirvana,1vxv5kg,https://www.reddit.com/r/NeuronsToNirvana/comments/1vxv5kg/,2026-09-01,public_subreddit_new_feed,publicly_accessible,false,false,new_manual_candidate,HOLD,2
16,NeuronsToNirvana,1vxt7y7,https://www.reddit.com/r/NeuronsToNirvana/comments/1vxt7y7/,2026-09-01,public_subreddit_new_feed,publicly_accessible,false,false,new_manual_candidate,HOLD,2
17,NeuronsToNirvana,1vxsnp4,https://www.reddit.com/r/NeuronsToNirvana/comments/1vxsnp4/,2026-09-01,public_subreddit_new_feed,publicly_accessible,false,false,new_manual_candidate,HOLD,2
18,NeuronsToNirvana,1vxmjoc,https://www.reddit.com/r/NeuronsToNirvana/comments/1vxmjoc/,2026-09-01,public_subreddit_new_feed,publicly_accessible,false,true,duplicate_existing_hold,NO_ACTION,2
19,NeuronsToNirvana,1vxi30u,https://www.reddit.com/r/NeuronsToNirvana/comments/1vxi30u/,2026-09-01,public_subreddit_new_feed,publicly_accessible,false,false,new_manual_candidate,HOLD,2
20,NeuronsToNirvana,1vxc05t,https://www.reddit.com/r/NeuronsToNirvana/comments/1vxc05t/,2026-09-01,public_subreddit_new_feed,publicly_accessible,false,false,new_manual_candidate,HOLD,2
21,NeuronsToNirvana,1vxbf91,https://www.reddit.com/r/NeuronsToNirvana/comments/1vxbf91/,2026-09-01,public_subreddit_new_feed,publicly_accessible,false,false,new_manual_candidate,HOLD,2
22,NeuronsToNirvana,1vx8spq,https://www.reddit.com/r/NeuronsToNirvana/comments/1vx8spq/,2026-09-01,public_subreddit_new_feed,publicly_accessible,false,false,new_manual_candidate,HOLD,2
23,NeuronsToNirvana,1vvzco2,https://www.reddit.com/r/NeuronsToNirvana/comments/1vvzco2/,2026-09-01,public_subreddit_new_feed,publicly_accessible,false,false,new_manual_candidate,HOLD,2
24,NeuronsToNirvana,1vvwvgd,https://www.reddit.com/r/NeuronsToNirvana/comments/1vvwvgd/,2026-09-01,public_subreddit_new_feed,publicly_accessible,false,false,new_manual_candidate,HOLD,2
25,NeuronsToNirvana,1vtwt3t,https://www.reddit.com/r/NeuronsToNirvana/comments/1vtwt3t/,2026-09-01,public_subreddit_new_feed,publicly_accessible,false,false,new_manual_candidate,HOLD,2
