source,page_id,title,topic_seed,url,retrieved_utc
Wikipedia,5664,Consciousness,consciousness,https://en.wikipedia.org/wiki/Consciousness,2026-08-17T12:28:03.371493+00:00
Wikipedia,101483,Stream of consciousness,consciousness,https://en.wikipedia.org/wiki/Stream_of_consciousness,2026-08-17T12:28:03.371515+00:00
Wikipedia,634216,Hard problem of consciousness,consciousness,https://en.wikipedia.org/wiki/Hard_problem_of_consciousness,2026-08-17T12:28:03.371521+00:00
Wikipedia,40457047,Consciousness (disambiguation),consciousness,https://en.wikipedia.org/wiki/Consciousness_(disambiguation),2026-08-17T12:28:03.371526+00:00
Wikipedia,195552,Artificial consciousness,consciousness,https://en.wikipedia.org/wiki/Artificial_consciousness,2026-08-17T12:28:03.371534+00:00
Wikipedia,13001588,Animal consciousness,consciousness,https://en.wikipedia.org/wiki/Animal_consciousness,2026-08-17T12:28:03.371539+00:00
Wikipedia,42114583,The Science of Consciousness,consciousness,https://en.wikipedia.org/wiki/The_Science_of_Consciousness,2026-08-17T12:28:03.371546+00:00
Wikipedia,7582544,Higher consciousness,consciousness,https://en.wikipedia.org/wiki/Higher_consciousness,2026-08-17T12:28:03.371550+00:00
Wikipedia,3057990,Double consciousness,consciousness,https://en.wikipedia.org/wiki/Double_consciousness,2026-08-17T12:28:03.371555+00:00
Wikipedia,1077491,Collective consciousness,consciousness,https://en.wikipedia.org/wiki/Collective_consciousness,2026-08-17T12:28:03.371560+00:00
Wikipedia,21245,Neuroscience,neuroscience,https://en.wikipedia.org/wiki/Neuroscience,2026-08-17T12:28:04.127785+00:00
Wikipedia,50326,Cognitive neuroscience,neuroscience,https://en.wikipedia.org/wiki/Cognitive_neuroscience,2026-08-17T12:28:04.127799+00:00
Wikipedia,271430,Computational neuroscience,neuroscience,https://en.wikipedia.org/wiki/Computational_neuroscience,2026-08-17T12:28:04.127803+00:00
Wikipedia,605477,Behavioral neuroscience,neuroscience,https://en.wikipedia.org/wiki/Behavioral_neuroscience,2026-08-17T12:28:04.127805+00:00
Wikipedia,25935238,Educational neuroscience,neuroscience,https://en.wikipedia.org/wiki/Educational_neuroscience,2026-08-17T12:28:04.127808+00:00
Wikipedia,36563803,Neuroscience of sleep,neuroscience,https://en.wikipedia.org/wiki/Neuroscience_of_sleep,2026-08-17T12:28:04.127811+00:00
Wikipedia,25049383,Neuroscience of music,neuroscience,https://en.wikipedia.org/wiki/Neuroscience_of_music,2026-08-17T12:28:04.127814+00:00
Wikipedia,2640086,Affective neuroscience,neuroscience,https://en.wikipedia.org/wiki/Affective_neuroscience,2026-08-17T12:28:04.127817+00:00
Wikipedia,75377115,Personality neuroscience,neuroscience,https://en.wikipedia.org/wiki/Personality_neuroscience,2026-08-17T12:28:04.127820+00:00
Wikipedia,27024757,Nutritional neuroscience,neuroscience,https://en.wikipedia.org/wiki/Nutritional_neuroscience,2026-08-17T12:28:04.127823+00:00
Wikipedia,20062,Meditation,meditation,https://en.wikipedia.org/wiki/Meditation,2026-08-17T12:28:04.882699+00:00
Wikipedia,42734,Transcendental Meditation,meditation,https://en.wikipedia.org/wiki/Transcendental_Meditation,2026-08-17T12:28:04.882722+00:00
Wikipedia,1396131,Meditations,meditation,https://en.wikipedia.org/wiki/Meditations,2026-08-17T12:28:04.882735+00:00
Wikipedia,186224,Osho,meditation,https://en.wikipedia.org/wiki/Osho,2026-08-17T12:28:04.882739+00:00
Wikipedia,28677895,Transcendental Meditation technique,meditation,https://en.wikipedia.org/wiki/Transcendental_Meditation_technique,2026-08-17T12:28:04.882745+00:00
Wikipedia,1686975,Buddhist meditation,meditation,https://en.wikipedia.org/wiki/Buddhist_meditation,2026-08-17T12:28:04.882750+00:00
Wikipedia,4981146,Meditation (disambiguation),meditation,https://en.wikipedia.org/wiki/Meditation_(disambiguation),2026-08-17T12:28:04.882755+00:00
Wikipedia,9578417,Effects of meditation,meditation,https://en.wikipedia.org/wiki/Effects_of_meditation,2026-08-17T12:28:04.882760+00:00
Wikipedia,2098980,Vipassana movement,meditation,https://en.wikipedia.org/wiki/Vipassana_movement,2026-08-17T12:28:04.882764+00:00
Wikipedia,13050,Guru Meditation,meditation,https://en.wikipedia.org/wiki/Guru_Meditation,2026-08-17T12:28:04.882769+00:00
Wikipedia,53309,Psychedelic drug,psychedelics,https://en.wikipedia.org/wiki/Psychedelic_drug,2026-08-17T12:28:05.702696+00:00
Wikipedia,18952932,Hallucinogen,psychedelics,https://en.wikipedia.org/wiki/Hallucinogen,2026-08-17T12:28:05.702712+00:00
Wikipedia,9021069,2C (psychedelics),psychedelics,https://en.wikipedia.org/wiki/2C_(psychedelics),2026-08-17T12:28:05.702716+00:00
Wikipedia,23549,Psychedelic rock,psychedelics,https://en.wikipedia.org/wiki/Psychedelic_rock,2026-08-17T12:28:05.702719+00:00
Wikipedia,665323,Psychedelic therapy,psychedelics,https://en.wikipedia.org/wiki/Psychedelic_therapy,2026-08-17T12:28:05.702722+00:00
Wikipedia,8748,Dimethyltryptamine,psychedelics,https://en.wikipedia.org/wiki/Dimethyltryptamine,2026-08-17T12:28:05.702725+00:00
Wikipedia,1173245,Psychedelic experience,psychedelics,https://en.wikipedia.org/wiki/Psychedelic_experience,2026-08-17T12:28:05.702728+00:00
Wikipedia,79538965,FLY (psychedelics),psychedelics,https://en.wikipedia.org/wiki/FLY_(psychedelics),2026-08-17T12:28:05.702731+00:00
Wikipedia,17537,LSD,psychedelics,https://en.wikipedia.org/wiki/LSD,2026-08-17T12:28:05.702733+00:00
Wikipedia,53814671,Psychedelic microdosing,psychedelics,https://en.wikipedia.org/wiki/Psychedelic_microdosing,2026-08-17T12:28:05.702742+00:00
Wikipedia,593095,Panpsychism,panpsychism,https://en.wikipedia.org/wiki/Panpsychism,2026-08-17T12:28:06.491014+00:00
Wikipedia,714030,Dybbuk,panpsychism,https://en.wikipedia.org/wiki/Dybbuk,2026-08-17T12:28:06.491030+00:00
Wikipedia,19376,Materialism,panpsychism,https://en.wikipedia.org/wiki/Materialism,2026-08-17T12:28:06.491033+00:00
Wikipedia,593294,Galen Strawson,panpsychism,https://en.wikipedia.org/wiki/Galen_Strawson,2026-08-17T12:28:06.491036+00:00
Wikipedia,21440,Neutral monism,panpsychism,https://en.wikipedia.org/wiki/Neutral_monism,2026-08-17T12:28:06.491040+00:00
Wikipedia,77750880,Galileo's Error,panpsychism,https://en.wikipedia.org/wiki/Galileo's_Error,2026-08-17T12:28:06.491043+00:00
Wikipedia,618435,Subjectivism,panpsychism,https://en.wikipedia.org/wiki/Subjectivism,2026-08-17T12:28:06.491045+00:00
Wikipedia,68474429,Philip Goff (philosopher),panpsychism,https://en.wikipedia.org/wiki/Philip_Goff_(philosopher),2026-08-17T12:28:06.491048+00:00
Wikipedia,34533,Zoroastrianism,panpsychism,https://en.wikipedia.org/wiki/Zoroastrianism,2026-08-17T12:28:06.491051+00:00
Wikipedia,6880483,Philosophy of mind,philosophy of mind,https://en.wikipedia.org/wiki/Philosophy_of_mind,2026-08-17T12:28:07.512026+00:00
Wikipedia,192355,Functionalism (philosophy of mind),philosophy of mind,https://en.wikipedia.org/wiki/Functionalism_(philosophy_of_mind),2026-08-17T12:28:07.512052+00:00
Wikipedia,19378,Mind,philosophy of mind,https://en.wikipedia.org/wiki/Mind,2026-08-17T12:28:07.512056+00:00
Wikipedia,175456,Mind–body dualism,philosophy of mind,https://en.wikipedia.org/wiki/Mind–body_dualism,2026-08-17T12:28:07.512060+00:00
Wikipedia,13692155,Philosophy,philosophy of mind,https://en.wikipedia.org/wiki/Philosophy,2026-08-17T12:28:07.512063+00:00
Wikipedia,4102640,Meaning (philosophy),philosophy of mind,https://en.wikipedia.org/wiki/Meaning_(philosophy),2026-08-17T12:28:07.512066+00:00
Wikipedia,74146091,Subjectivity and objectivity (philosophy),philosophy of mind,https://en.wikipedia.org/wiki/Subjectivity_and_objectivity_(philosophy),2026-08-17T12:28:07.512069+00:00
Wikipedia,38714,World,philosophy of mind,https://en.wikipedia.org/wiki/World,2026-08-17T12:28:07.512071+00:00
Wikipedia,25019252,Interactionism (philosophy of mind),philosophy of mind,https://en.wikipedia.org/wiki/Interactionism_(philosophy_of_mind),2026-08-17T12:28:07.512075+00:00
Wikipedia,81094,Proposition,philosophy of mind,https://en.wikipedia.org/wiki/Proposition,2026-08-17T12:28:07.512077+00:00
Wikipedia,25202,Quantum mechanics,quantum physics,https://en.wikipedia.org/wiki/Quantum_mechanics,2026-08-17T12:28:08.303720+00:00
Wikipedia,20646064,Quantum,quantum physics,https://en.wikipedia.org/wiki/Quantum,2026-08-17T12:28:08.303737+00:00
Wikipedia,9067941,History of quantum mechanics,quantum physics,https://en.wikipedia.org/wiki/History_of_quantum_mechanics,2026-08-17T12:28:08.303741+00:00
Wikipedia,25336,Quantum entanglement,quantum physics,https://en.wikipedia.org/wiki/Quantum_entanglement,2026-08-17T12:28:08.303751+00:00
Wikipedia,659094,Quantum information science,quantum physics,https://en.wikipedia.org/wiki/Quantum_information_science,2026-08-17T12:28:08.303755+00:00
Wikipedia,2796131,Introduction to quantum mechanics,quantum physics,https://en.wikipedia.org/wiki/Introduction_to_quantum_mechanics,2026-08-17T12:28:08.303758+00:00
Wikipedia,123450,Philosophy of physics,quantum physics,https://en.wikipedia.org/wiki/Philosophy_of_physics,2026-08-17T12:28:08.303761+00:00
Wikipedia,54738,Interpretations of quantum mechanics,quantum physics,https://en.wikipedia.org/wiki/Interpretations_of_quantum_mechanics,2026-08-17T12:28:08.303765+00:00
Wikipedia,24731079,Observer (quantum physics),quantum physics,https://en.wikipedia.org/wiki/Observer_(quantum_physics),2026-08-17T12:28:08.303768+00:00
Wikipedia,9604,Many-worlds interpretation,quantum physics,https://en.wikipedia.org/wiki/Many-worlds_interpretation,2026-08-17T12:28:08.303771+00:00
Wikipedia,1864889,Cosmology,cosmology,https://en.wikipedia.org/wiki/Cosmology,2026-08-17T12:28:09.087798+00:00
Wikipedia,5378,Physical cosmology,cosmology,https://en.wikipedia.org/wiki/Physical_cosmology,2026-08-17T12:28:09.087816+00:00
Wikipedia,977209,Religious cosmology,cosmology,https://en.wikipedia.org/wiki/Religious_cosmology,2026-08-17T12:28:09.087820+00:00
Wikipedia,969924,Cosmology of Kyoto,cosmology,https://en.wikipedia.org/wiki/Cosmology_of_Kyoto,2026-08-17T12:28:09.087823+00:00
Wikipedia,36381975,Cosmology (disambiguation),cosmology,https://en.wikipedia.org/wiki/Cosmology_(disambiguation),2026-08-17T12:28:09.087827+00:00
Wikipedia,495614,Brane cosmology,cosmology,https://en.wikipedia.org/wiki/Brane_cosmology,2026-08-17T12:28:09.087830+00:00
Wikipedia,5264082,Buddhist cosmology,cosmology,https://en.wikipedia.org/wiki/Buddhist_cosmology,2026-08-17T12:28:09.087833+00:00
Wikipedia,261407,Plasma cosmology,cosmology,https://en.wikipedia.org/wiki/Plasma_cosmology,2026-08-17T12:28:09.087841+00:00
Wikipedia,76617124,Ancient Near Eastern cosmology,cosmology,https://en.wikipedia.org/wiki/Ancient_Near_Eastern_cosmology,2026-08-17T12:28:09.087845+00:00
Wikipedia,76197486,Shockwave cosmology,cosmology,https://en.wikipedia.org/wiki/Shockwave_cosmology,2026-08-17T12:28:09.087849+00:00
Wikipedia,18951655,Archaeology,archaeology,https://en.wikipedia.org/wiki/Archaeology,2026-08-17T12:28:09.944404+00:00
Wikipedia,584894,Artifact (archaeology),archaeology,https://en.wikipedia.org/wiki/Artifact_(archaeology),2026-08-17T12:28:09.944420+00:00
Wikipedia,11604541,Earthworks (archaeology),archaeology,https://en.wikipedia.org/wiki/Earthworks_(archaeology),2026-08-17T12:28:09.944424+00:00
Wikipedia,13766386,Greenstone (archaeology),archaeology,https://en.wikipedia.org/wiki/Greenstone_(archaeology),2026-08-17T12:28:09.944427+00:00
Wikipedia,15703061,Levantine archaeology,archaeology,https://en.wikipedia.org/wiki/Levantine_archaeology,2026-08-17T12:28:09.944430+00:00
Wikipedia,147113,Experimental archaeology,archaeology,https://en.wikipedia.org/wiki/Experimental_archaeology,2026-08-17T12:28:09.944433+00:00
Wikipedia,28336398,Software archaeology,archaeology,https://en.wikipedia.org/wiki/Software_archaeology,2026-08-17T12:28:09.944436+00:00
Wikipedia,2885400,Archaeology (disambiguation),archaeology,https://en.wikipedia.org/wiki/Archaeology_(disambiguation),2026-08-17T12:28:09.944440+00:00
Wikipedia,160135,Processual archaeology,archaeology,https://en.wikipedia.org/wiki/Processual_archaeology,2026-08-17T12:28:09.944443+00:00
Wikipedia,211183,Tell (archaeology),archaeology,https://en.wikipedia.org/wiki/Tell_(archaeology),2026-08-17T12:28:09.944446+00:00
Wikipedia,569,Anthropology,anthropology,https://en.wikipedia.org/wiki/Anthropology,2026-08-17T12:28:10.743701+00:00
Wikipedia,5388,Cultural anthropology,anthropology,https://en.wikipedia.org/wiki/Cultural_anthropology,2026-08-17T12:28:10.743716+00:00
Wikipedia,11500714,Anthropology (disambiguation),anthropology,https://en.wikipedia.org/wiki/Anthropology_(disambiguation),2026-08-17T12:28:10.743720+00:00
Wikipedia,5317552,1920s in anthropology,anthropology,https://en.wikipedia.org/wiki/1920s_in_anthropology,2026-08-17T12:28:10.743723+00:00
Wikipedia,24232,Biological anthropology,anthropology,https://en.wikipedia.org/wiki/Biological_anthropology,2026-08-17T12:28:10.743727+00:00
Wikipedia,11018921,Christian anthropology,anthropology,https://en.wikipedia.org/wiki/Christian_anthropology,2026-08-17T12:28:10.743729+00:00
Wikipedia,38813728,2010s in anthropology,anthropology,https://en.wikipedia.org/wiki/2010s_in_anthropology,2026-08-17T12:28:10.743732+00:00
Wikipedia,166208,Linguistic anthropology,anthropology,https://en.wikipedia.org/wiki/Linguistic_anthropology,2026-08-17T12:28:10.743735+00:00
Wikipedia,1676362,History of anthropology,anthropology,https://en.wikipedia.org/wiki/History_of_anthropology,2026-08-17T12:28:10.743737+00:00
Wikipedia,5302084,1960s in anthropology,anthropology,https://en.wikipedia.org/wiki/1960s_in_anthropology,2026-08-17T12:28:10.743739+00:00
Wikipedia,20874,Mycology,mycology,https://en.wikipedia.org/wiki/Mycology,2026-08-17T12:28:11.513390+00:00
